,ID,done,Name,rss,tags,region,status,notes,last_scraped,total_scraped,element_name,attribute_name,attribute_content,URL,Projects
0,11,done,Berkshire Hathaway,,,,,,,,,,,http://influencemap.org/company/Berkshire-Hathaway,Climate Change
1,12,done,ExxonMobil,https://corporate.exxonmobil.com/feed,,,,,,,div,class,rich-text--content,http://influencemap.org/company/Exxon-Mobil,"Climate Change, Oil and Gas Sector Analysis, Subsidies, Shipping Sector Analysis"
2,13,done,General Electric,https://www.ge.com/news/subscribe/all/rss.xml,,,,,,,div,class,article-content,http://influencemap.org/company/General-Electric,Climate Change
3,14,done,Royal Dutch Shell,,,,,,,,,,,http://influencemap.org/company/Royal-Dutch-Shell,"Climate Change, Oil and Gas Sector Analysis, Subsidies"
4,15,done,Toyota Motor,,,,,,,,,,,http://influencemap.org/company/Toyota-Motor,"Climate Change, NOX, NOX, Energy Strategy"
5,16,done,Apple,https://www.apple.com/newsroom/rss-feed.rss,,,,,,,article,class,article,http://influencemap.org/company/Apple-385f398538b2e6145dcb8afdc945c263,Climate Change
6,17,done,BP,,,,,,,,,,,http://influencemap.org/company/BP-94bc79de9cd9bff157e9d554618aaa09,"Climate Change, Oil and Gas Sector Analysis, Subsidies"
7,18,done,Chevron,,,,,,,,,,,http://influencemap.org/company/Chevron-f4b47c4ea77f0f6249ba7f77d4f210ff,"Climate Change, Oil and Gas Sector Analysis, Subsidies"
8,19,done,Volkswagen,https://www.volkswagenag.com/en/news.webfeed.html,,,,,,,div,class,section,http://influencemap.org/company/Volkswagen-9e7f6038049cce3caa35490440a6a54b,"Climate Change, NOX"
9,20,done,Walmart Stores,https://corporate.walmart.com/rss?feedName=allnews,,,,,,,div,class,PressReleasePage-articleBody,http://influencemap.org/company/Wal-mart-Stores,"Climate Change, Shipping Sector Analysis"
10,21,done,Samsung Electronics,,,,,,,,,,,http://influencemap.org/company/Samsung-Electronics,Climate Change
11,22,done,AT&T,http://feeds.feedburner.com/AttAllCategoriesRssFeeds,,,,,,,div,class,text section,http://influencemap.org/company/AT-T,Climate Change
12,23,done,Total,https://www.total.com/fr/rss-feeds/news.xml?type=All,,,,,,,div,id,block-total-com-content,http://influencemap.org/company/Total-5a9f086d9a2ce300529ea4eb020d1aa3,"Climate Change, Oil and Gas Sector Analysis"
13,24,done,Verizon Communications,,,,,,,,,,,http://influencemap.org/company/Verizon-Communications,Climate Change
14,25,done,Daimler,https://media.daimler.com/rss/marsMediaSite/918011/en/All%20news.xml,,,,,,,div,class,content-fill,http://influencemap.org/company/Daimler-28530a4914fd654eaf2de6ef8feb5470,"Climate Change, NOX"
15,26,done,Microsoft,https://news.microsoft.com/feed/,,,,,,,main,id,main,http://influencemap.org/company/Microsoft-7d653460f792e07f6b11b6c4fe696330,Climate Change
16,27,done,IBM,https://newsroom.ibm.com/announcements?pagetemplate=rss,,,,,,,div,class,node__content,http://influencemap.org/company/IBM-c8583f2ea91cb2532221be534b45f8cf,Climate Change
17,28,done,Nestlé,https://www.nestle.com/news-rss.xml,,,,,,,div,class,news,http://influencemap.org/company/Nestle-ed1237ea9a806b4921ed6578c090c549,Climate Change
18,29,done,Vodafone Group,,,,,,,,,,,http://influencemap.org/company/Vodafone-Group,Climate Change
19,30,done,Eni,,,,,,,,,,,http://influencemap.org/company/ENI-f50369f20d3a3fdc4c2ce661963277d0,"Climate Change, Oil and Gas Sector Analysis"
20,31,done,Procter & Gamble,,,,,,,,,,,http://influencemap.org/company/Procter-Gamble,Climate Change
21,32,done,Johnson & Johnson,https://www.jnj.com/rss-feed/all.rss,,,,,,,div,class,PressReleasePage-richTextModule,http://influencemap.org/company/Johnson-Johnson,Climate Change
22,33,done,BHP,,,,,,,,,,,http://influencemap.org/company/BHP-Billiton,Climate Change
23,34,done,Pfizer,https://www.pfizer.com/newsfeed,,,,,,,div,role,main,http://influencemap.org/company/Pfizer-f9ce5545ca4f4ddf29b96ae6b3d033f3,Climate Change
24,35,done,Ford Motor,https://media.ford.com/content/fordmedia/fna/us/en/news.rss,,,,,,,div,class,content,http://influencemap.org/company/Ford-Motor,"Climate Change, NOX"
25,36,done,BMW Group,https://www.press.bmwgroup.com/global/rss2,,,,,,,div,id,article-text,http://influencemap.org/company/BMW-Group,"Climate Change, NOX"
26,37,done,EDF,,,,,,,,,,,http://influencemap.org/company/EDF-72fdabf53d6bf3e73276df658a32042a,"Climate Change, UK Power Sector"
27,38,done,Alphabet,https://www.blog.google/rss,,,,,,,main,id,jump-content,http://influencemap.org/company/Google-55106f7e39973bc5344cdf3b71aaed19,Climate Change
28,39,done,Siemens,,,,,,,,,,,http://influencemap.org/company/Siemens-c03250d0a463d5cd7dbeebe141e2927b,Climate Change
29,40,done,Novartis,https://www.novartis.com/rss/feeds/en.xml,,,,,,,div,id,content,http://influencemap.org/company/Novartis-d398fd975ca5697fd0bcfd54c15c5d48,Climate Change
30,41,done,Comcast,,,,,,,,,,,http://influencemap.org/company/Comcast-ff0c1dd853828f5d921b6f44e4cc97a3,Climate Change
31,42,done,Nippon Telegraph & Telephone,,,,,,,,,,,http://influencemap.org/company/Nippon-Telegraph-Telephone,"Climate Change, Energy Strategy"
32,43,done,Anheuser Busch InBev,,,,,,,,,,,http://influencemap.org/company/Anheuser-Busch-InBev,Climate Change
33,44,done,General Motors,,,,,,,,,,,http://influencemap.org/company/General-Motors,"Climate Change, NOX"
34,45,done,Telefonica,https://www.telefonica.com/web/press-office/rss/-/asset_publisher/6OUaHKHmc093/rss,,,,,,,div,class,asset-content,http://influencemap.org/company/Telefonica-3f7ceb0624e18a6c2ecb1ff7afcd7c6b,Climate Change
35,46,done,Honda Motor,https://global.honda/common/dam_img/rss/news.rss,,,,,,,div,class,layout-column,http://influencemap.org/company/Honda-Motor,"Climate Change, NOX, Energy Strategy"
36,47,done,Enel,,,,,,,,,,,http://influencemap.org/company/Enel-e3acfc23c1f0dfd05759e00c3fa35175,Climate Change
37,48,done,BASF,,,,,,,,,,,http://influencemap.org/company/BASF-9c2526b336864ffb52b43107fe4296b5,Climate Change
38,49,done,Softbank,,,,,,,,,,,http://influencemap.org/company/Softbank-3e421d159f729b8a21bf09fee96440cb,"Climate Change, Energy Strategy"
39,50,done,Intel,https://feeds.feedburner.com/intelnewsroom,,,,,,,div,class,entry-content,http://influencemap.org/company/Intel-d529169d00787bfdcc3ec143fe6335a9,Climate Change
40,51,done,HP Inc,https://investor.hp.com/rss/PressRelease.aspx,,,,,,,div,class,module_body,http://influencemap.org/company/Hewlett-Packard,Climate Change
41,52,done,Coca Cola,https://investors.coca-colacompany.com/news-events/press-releases/rss,,,,,,,div,class,main-content,http://influencemap.org/company/Coca-Cola,Climate Change
42,53,done,Cisco Systems,https://newsroom.cisco.com/data/syndication/rss2/topStories_20.xml,,,,,,,div,class,main-content,http://influencemap.org/company/Cisco-Systems,Climate Change
43,54,done,Lukoil,,,,,,,,,,,http://influencemap.org/company/Lukoil-137a7d601da038d6fea9fbc2653de0f1,Climate Change
44,55,done,Boeing,https://boeing.mediaroom.com/news-releases-statements?pagetemplate=rss,,,,,,,div,id,wd_printable_content,http://influencemap.org/company/Boeing-8069fc81ee891c2f7dda59ed922b5e24,Climate Change
45,56,done,UnitedHealth Group,https://www.unitedhealthgroup.com/newsroom/uhgall-rss.rss.xml,,,,,,,div,class,cmp-text-uhg body-copy-component page-gutter,http://influencemap.org/company/UnitedHealth-Group,Climate Change
46,57,done,Hyundai Motor,,,,,,,,,,,http://influencemap.org/company/Hyundai-Motor,"Climate Change, NOX"
47,58,done,Sanofi,https://feeds.sanofi.com/globenewswire/en/last5,,,,,,,div,class,ui-newsdetail-left,http://influencemap.org/company/Sanofi-9117d5b849b012576ac290290b12cdd0,Climate Change
48,59,done,Roche Group,https://www.roche.com/med_news_xml.xml,,,,,,,div,id,content,http://influencemap.org/company/Roche-Group,Climate Change
49,60,done,Raytheon Technologies Corporation (formerly United Technologies),,,,,,,,,,,http://influencemap.org/company/United-Technologies,Climate Change
50,61,done,PepsiCo,,,,,,,,,,,http://influencemap.org/company/PepsiCo-33074bfca647ae041e776b4f3ede20b9,Climate Change
51,62,done,Oracle,,,,,,,,,,,http://influencemap.org/company/Oracle-ece56be9dd10c60f99c3cc1efc3cd7c6,Climate Change
52,63,done,CVS Health,,,,,,,,,,,http://influencemap.org/company/CVS-Health,Climate Change
53,64,done,Merck,,,,,,,,,,,http://influencemap.org/company/Merck-00fa3a33e65b337f3c68eaebfef624a3,Climate Change
54,65,done,Walt Disney,https://thewaltdisneycompany.com/news/feed/,,,,,,,div,class,entry-content,http://influencemap.org/company/Walt-Disney,Climate Change
55,66,done,Rio Tinto Group,,,,,,,,,,,http://influencemap.org/company/Rio-Tinto-Group,Climate Change
56,67,done,Unilever,https://www.unilever.com/feeds/news.rss,,,,,,,div,id,content-wrap,http://influencemap.org/company/Unilever-be41a93200d3068f15897ef51795038b,Climate Change
57,68,done,Nissan,https://reports.nissan-global.com/EN/?feed=rss2,,,,,,,div,id,article_text,http://influencemap.org/company/Nissan-abdc9326775d476cb90209eca8efc593,"Climate Change, NOX, Energy Strategy"
58,69,done,E.ON,,,,,,,,,,,http://influencemap.org/company/E-ON,"Climate Change, UK Power Sector"
59,70,done,America Movil,https://www.americamovil.com/rss/pressrelease.aspx?LanguageId=1,,,,,,,div,class,node__content,http://influencemap.org/company/America-Movil,Climate Change
60,71,done,GlaxoSmithKline,https://www.gsk.com/en-gb/media/rss/,,,,,,,main,id,main-content,http://influencemap.org/company/GlaxoSmithKline-98a322c9a334e18ed3426a42bccf37af,Climate Change
61,72,done,Schlumberger,https://investorcenter.slb.com/rss/news-releases.xml,,,,,,,div,class,node__content,http://influencemap.org/company/Schlumberger-5720686f8f1927845aeab68ecf4f29d3,Climate Change
62,73,done,Bayer,https://www.investor.bayer.de/feed/rss2_investornews_en.php,,,,,,,section,class,main-section,http://influencemap.org/company/Bayer-6c618bc4a9be17c4f6812721dc5e2ca7,Climate Change
63,74,done,Caterpillar,,,,,,,,,,,http://influencemap.org/company/Caterpillar-23fa28232337f0149d9f7c694a2e5325,Climate Change
64,75,done,Mitsubishi Corporation,http://www.mitsubishielectric.com/news/feed/news.xml,,,,,,,div,class,gs18-dGrid,http://influencemap.org/company/Mitsubishi-Corporation,"Climate Change, Energy Strategy"
65,76,done,Dow Chemical,,,,,,,,,,,http://influencemap.org/company/Dow-Chemical,Climate Change
66,77,done,Airbus Group,,,,,,,,,,,http://influencemap.org/company/Airbus-Group,Climate Change
67,78,done,Iberdrola,,,,,,,,,,,http://influencemap.org/company/Iberdrola-a88bc60c58e2b3aa71b04be5271cc8c3,"Climate Change, UK Power Sector"
68,79,done,Reliance Industries,,,,,,,,,,,http://influencemap.org/company/Reliance-Industries,Climate Change
69,80,done,CK Hutchison,https://www.ckh.com.hk/en/media/press_releases.php?view_type=rss,,,,,,,div,class,contentArea,http://influencemap.org/company/Hutchison-Whampoa,Climate Change
70,81,done,Home Depot,,,,,,,,,,,http://influencemap.org/company/Home-Depot,Climate Change
71,82,done,Hitachi,,,,,,,,,,,http://influencemap.org/company/Hitachi-f7b013181feb77224ad7d20e24f5088d,"Climate Change, Energy Strategy"
72,83,done,Foxconn,,,,,,,,,,,http://influencemap.org/company/Hon-Hai-Precision-Industry,Climate Change
73,84,done,Phillips 66,https://investor.phillips66.com/rss/pressrelease.aspx,,,,,,,div,class,module_body,http://influencemap.org/company/Phillips-66,Climate Change
74,85,done,Moller Maersk Group,,,,,,,,,,,http://influencemap.org/company/Moller-Maersk-Group,"Climate Change, Shipping Sector Analysis"
75,86,done,Orange,,,,,,,,,,,http://influencemap.org/company/Orange-1e6f21d24698e844912f160790bfd65c,Climate Change
76,87,done,Deutsche Telekom,https://www.telekom.com/service/rss/418728/feed.rss,,,,,,,div,class,richtext,http://influencemap.org/company/Deutsche-Telekom,Climate Change
77,88,done,Vinci,https://www.vinci.com/vinci.nsf/en/rss-vinci.xml,,,,,,,div,class,text,http://influencemap.org/company/Vinci-9ff469f0cfd2dd50a1c5b42997e17fe2,Climate Change
78,89,done,Mondelez International,https://ir.mondelezinternational.com/rss/news-releases.xml,,,,,,,div,class,node__content,http://influencemap.org/company/Mondelez-International,Climate Change
79,90,done,Suncor Energy,,,,,,,,,,,http://influencemap.org/company/Suncor-Energy,"Climate Change, Oil and Gas Sector Analysis"
80,91,done,Occidental Petroleum,https://occidentalpetroleum.gcs-web.com/rss/news-releases.xml,,,,,,,div,class,node__content,http://influencemap.org/company/Occidental-Petroleum,"Climate Change, Oil and Gas Sector Analysis"
81,92,done,21st Century Fox,,,,,,,,,,,http://influencemap.org/company/21st-Century-Fox,Climate Change
82,93,done,Mitsui & Co,,,,,,,,,,,http://influencemap.org/company/Mitsui-Co,"Climate Change, Energy Strategy"
83,94,done,Qualcomm,https://www.qualcomm.com/rss/releases/rss.xml,,,,,,,div,data-test-id,blog-post,http://influencemap.org/company/Qualcomm-9380583664736f3c7a46da316d431f1e,Climate Change
84,95,done,Time Warner,,,,,,,,,,,http://influencemap.org/company/Time-Warner,Climate Change
85,96,done,Philip Morris International,,,,,,,,,,,http://influencemap.org/company/Philip-Morris-International,Climate Change
86,97,done,Express Scripts Holding,,,,,,,,,,,http://influencemap.org/company/Express-Scripts-Holding,Climate Change
87,98,done,Honeywell International,,,,,,,,,,,http://influencemap.org/company/Honeywell-International,Climate Change
88,99,done,United Parcel Service (UPS),,,,,,,,,,,http://influencemap.org/company/United-Parcel-Service,Climate Change
89,100,done,Deutsche Post,,,,,,,,,,,http://influencemap.org/company/Deutsche-Post,Climate Change
90,101,done,Duke Energy,https://news.duke-energy.com/rss.xml,,,,,,,div,class,article-content,http://influencemap.org/company/Duke-Energy,Climate Change
91,102,done,Delta Air Lines,https://news.delta.com/delta-news-hub.xml,,,,,,,section,class,section,http://influencemap.org/company/Delta-Air-Lines,Climate Change
92,103,done,National Grid,,,,,,,,,,,http://influencemap.org/company/National-Grid,"Climate Change, UK Power Sector, UK Power Sector"
93,104,done,ABB,,,,,,,,,,,http://influencemap.org/company/ABB-d7802783986d7f034330ac9d41e780c0,Climate Change
94,105,done,Amgen,https://investors.amgen.com/rss/news-releases.xml,,,,,,,div,class,node__content,http://influencemap.org/company/Amgen-6d86a2bbadbc8b348728bea3e5f301f7,Climate Change
95,106,done,DuPont,,,,,,,,,,,http://influencemap.org/company/DuPont-8c18677f67d0a9c3b17cf6f08dacaf3b,Climate Change
96,107,done,L'Oreal,,,,,,,,,,,http://influencemap.org/company/L-Oreal,Climate Change
97,108,done,British American Tobacco,,,,,,,,,,,http://influencemap.org/company/British-American-Tobacco,Climate Change
98,109,done,Walgreens Boots Alliance,,,,,,,,,,,http://influencemap.org/company/Walgreens-Boots-Alliance,Climate Change
99,110,done,Cargill,,,,,,,,,,,http://influencemap.org/company/Cargill-0b04c96b22896371ee3ff5b38ab91a25,Climate Change
100,111,done,Koch Industries,,,,,,,,,,,http://influencemap.org/company/Koch-Industries,Climate Change
101,31748,done,Eastman Chemical,https://www.eastman.com/Company/News_Center/AllNews.rss,,,,,,,div,class,contentarea,http://influencemap.org/company/Eastman-Chemical,Climate Change
102,31845,done,Evonik Industries,,,,,,,,,,,http://influencemap.org/company/Evonik-Industries,Climate Change
103,31942,done,Asahi Kasei,,,,,,,,,,,http://influencemap.org/company/Asahi-Kasei,"Climate Change, Energy Strategy"
104,32039,done,Toray Industries Inc.,https://cs2.toray.co.jp/news/toray/en/newsrrs02.nsf/rss-ir.xml,,,,,,,div,id,contents,http://influencemap.org/company/Toray-Industries-Inc,"Climate Change, Energy Strategy"
105,32136,done,LG Chem,,,,,,,,,,,http://influencemap.org/company/LG-Chem,Climate Change
106,32234,done,Solvay,,,,,,,,,,,http://influencemap.org/company/Solvay-446f69cce18f12102496bfc9e71bc0cd,Climate Change
107,32331,done,Royal DSM,,,,,,,,,,,http://influencemap.org/company/DSM-1d6ed59bb42a9a746c65e0ef6c6a3729,Climate Change
108,32428,done,Mitsubishi Chemical Holdings,,,,,,,,,,,http://influencemap.org/company/Mitsubishi-Chemical-Holdings,"Climate Change, Energy Strategy"
109,32525,done,Sumitomo Chemicals,https://www.sumitomocorp.com/en/jp/news/release/rss,,,,,,,main,class,l-main theme-single theme-detail,http://influencemap.org/company/Sumitomo-Chemicals,"Climate Change, Energy Strategy"
110,32624,done,Arkema,,,,,,,,,,,http://influencemap.org/company/Arkema-c7d117d34ad30196536614049cad5abb,Climate Change
111,32721,done,Incitec Pivot,,,,,,,,,,,http://influencemap.org/company/Incitec-Pivot,Climate Change
112,32818,done,Lanxess,,,,,,,,,,,http://influencemap.org/company/Lanxess-1432181ee8022f73d777f99a308f369a,Climate Change
113,32916,done,Tata Chemicals,,,,,,,,,,,http://influencemap.org/company/Tata-Chemicals,Climate Change
114,33013,done,Ube Industries,https://www.ube-ind.co.jp/ube/en/rss/news.xml,,,,,,,div,class,article-area,http://influencemap.org/company/Ube-Industries,Climate Change
115,33110,done,Tokuyama Corporation,,,,,,,,,,,http://influencemap.org/company/Tokuyama-Corporation,Climate Change
116,33549,done,LyondellBasell Industries,https://lyondellbasell.mediaroom.com/index.php?s=43&pagetemplate=rss,,,,,,,div,id,wd_printable_content,http://influencemap.org/company/LyondellBasell-Industries,Climate Change
117,33648,done,AkzoNobel,,,,,,,,,,,http://influencemap.org/company/AkzoNobel-5cac54004a0ef3484a8a2fccabc7dcf9,Climate Change
118,33745,done,Air Liquide,https://www.airliquide.com/rss/event/all/all/41/all/feed,,,,,,,div,class,cell-8 js-text-zoom,http://influencemap.org/company/Air-Liquide,Climate Change
119,33842,done,Mitsui Chemicals,https://jp.mitsuichemicals.com/en/release/release.rdf,,,,,,,div,class,mod-sideContent-inner,http://influencemap.org/company/Mitsui-Chemicals,"Climate Change, Energy Strategy"
120,33939,done,The Linde Group,,,,,,,,,,,http://influencemap.org/company/The-Linde-Group,Climate Change
121,34036,done,LafargeHolcim,https://www.lafargeholcim.com/rss/press-release.xml,,,,,,,div,id,content,http://influencemap.org/company/LaFarge-dc3eac7b23effb94f94b9d57661e5e04,"Climate Change, Cement Sector Analysis"
122,51816,done,Shinetsu Chemicals,,,,,,,,,,,http://influencemap.org/company/Shinetsu-Chemicals,"Climate Change, Energy Strategy"
123,61168,done,Johnson Matthey,,,,,,,,,,,http://influencemap.org/company/Johnson-Matthey,Climate Change
124,61265,done,Nitto Denko,,,,,,,,,,,http://influencemap.org/company/Nitto-Denko,Climate Change
125,63280,done,Ashland,https://investor.ashland.com/rss/news-releases.xml?items=15,,,,,,,div,class,node__content,http://influencemap.org/company/Ashland-2505a2c1f974d84349dccd4fa03a4aea,Climate Change
126,63377,done,PTT Global Chemicals,,,,,,,,,,,http://influencemap.org/company/PTT-Global-Chemicals,Climate Change
127,63474,done,PPG Industries,https://news.ppg.com/rss/pressrelease.aspx,,,,,,,div,class,pane pane--content,http://influencemap.org/company/PPG-Industries,Climate Change
128,80217,done,Valero Energy,,,,,,,,,,,http://influencemap.org/company/Valero-Energy,Climate Change
129,80767,done,RWE,,,,,,,,,,,http://influencemap.org/company/RWE-5dfd3548a08b9f9d54ee6396b6650ace,"Climate Change, UK Power Sector"
130,80897,done,ConocoPhillips,,,,,,,,,,,http://influencemap.org/company/Conoco-Phillips,"Climate Change, Oil and Gas Sector Analysis, Subsidies"
131,81192,done,Air Products,https://investors.airproducts.com/rss/news-releases.xml,,,,,,,article,role,article,http://influencemap.org/company/Air-Products,Climate Change
132,81193,done,Alibaba,https://www.alibabagroup.com/en/ir/rss.php,,,,,,,div,class,articleMain,http://influencemap.org/company/Alibaba-5638e42adae4baff49683f078789ac75,Climate Change
133,81194,done,American Electric Power,https://www.aep.com/news/rss,,,,,,,div,id,MainContent,http://influencemap.org/company/American-Electric-Power,Climate Change
134,81195,done,ArcelorMittal,,,,,,,,,,,http://influencemap.org/company/ArcelorMittal-c6dfbde97d6da50fe5027ac1534b42f6,Climate Change
135,81196,done,Archer Daniels Midland,,,,,,,,,,,http://influencemap.org/company/Archer-Daniels-Midland,Climate Change
136,81197,done,Canadian Natural Resources,,,,,,,,,,,http://influencemap.org/company/Canadian-Natural-Resources,Climate Change
137,81199,done,Danone,,,,,,,,,,,http://influencemap.org/company/Danone-6be5beb49a7372f16770d9ab55571c0f,Climate Change
138,81200,done,Dominion Energy,https://investors.dominionenergy.com/rss/pressrelease.aspx,,,,,,,div,class,module_body,http://influencemap.org/company/Dominion-Resources,Climate Change
139,81201,done,Ecolab,,,,,,,,,,,http://influencemap.org/company/Ecolab-3e8ff5f8e05c644b33d6dc05789a30bf,Climate Change
140,81202,done,Edison International,,,,,,,,,,,http://influencemap.org/company/Edison-International,Climate Change
141,81203,done,Enbridge,,,,,,,,,,,http://influencemap.org/company/Enbridge-fa83bd6f5cc0d0fbd7aa37c2cbd4c527,Climate Change
142,81204,done,Exelon,https://investors.exeloncorp.com/rss/news-releases.xml,,,,,,,article,role,article,http://influencemap.org/company/Exelon-2a6102daca399022d97122c9e389d53f,Climate Change
143,81205,done,Facebook,https://investor.fb.com/rss/PressRelease.aspx?LanguageId=1&CategoryWorkflowId=00000000-0000-0000-0000-000000000000&tags=,,,,,,,div,class,xn-content,http://influencemap.org/company/Facebook-ffb0b8e1f69795c122a866ab673751f9,Climate Change
144,81206,done,Naturgy (Gas Natural Fenosa),,,,,,,,,,,http://influencemap.org/company/Gas-Natural-Fenosa,Climate Change
145,81207,done,Engie,,,,,,,,,,,http://influencemap.org/company/Engie-15788432cdf2e77819cea97f29fee349,Climate Change
146,81208,done,Glencore International,https://www.glencore.com/newsFeed,,,,,,,div,class,main__content col,http://influencemap.org/company/Glencore-International,Climate Change
147,81210,done,JFE Holdings,,,,,,,,,,,http://influencemap.org/company/JFE-Holdings,"Climate Change, Energy Strategy"
148,81211,done,Lockheed Martin,https://news.lockheedmartin.com/news-releases?pagetemplate=rss,,,,,,,div,class,wd_content,http://influencemap.org/company/Lockheed-Martin,Climate Change
149,81212,done,Monsanto,,,,,,,,,,,http://influencemap.org/company/Monsanto-f60f770b31a8987d475d554004b14660,Climate Change
150,81213,done,NextEra Energy,,,,,,,,,,,http://influencemap.org/company/NextEra-Energy,Climate Change
151,81214,done,Nippon Steel & Sumitomo Metal,https://www.nipponsteel.com/xml.jsp?id=130932,,,,,,,div,class,contents,http://influencemap.org/company/Nippon-Steel-Sumitomo-Metal,"Climate Change, Energy Strategy"
152,81215,done,Pacific Gas & Electric Company (PG&E),https://www.pge.com/en/about/newsroom/rss/feed/index.page,,,,,,,div,class,an_c5-col-left,http://influencemap.org/company/PG-E,Climate Change
153,81216,done,Posco,,,,,,,,,,,http://influencemap.org/company/Posco-5145b6d6876189c01199c8a1ca293453,Climate Change
154,81218,done,PPL Corporation,https://pplweb.mediaroom.com/news-releases?pagetemplate=rss,,,,,,,div,id,wd_printable_content,http://influencemap.org/company/PPL-c48beacbf617cf90aa83d1453b246a9a,Climate Change
155,81219,done,Praxair,,,,,,,,,,,http://influencemap.org/company/Praxair-05b778ee42f4f6298a4a588c619ab4cb,Climate Change
156,81220,done,Public Service Enterprise Group,,,,,,,,,,,http://influencemap.org/company/Public-Service-Enterprise-Group,Climate Change
157,81221,done,Reckitt Benckiser Group,,,,,,,,,,,http://influencemap.org/company/Reckitt-Benckiser-Group,Climate Change
158,81222,done,Renault,,,,,,,,,,,http://influencemap.org/company/Renault-da6a2597b9d24c063ad54d8be696efdf,"Climate Change, NOX"
159,81223,done,Repsol,,,,,,,,,,,http://influencemap.org/company/Repsol-8752a6719f097064bf8688b57d17370e,Climate Change
160,81224,done,Saint-Gobain,https://www.saint-gobain.com/en/rss-feed.xml,,,,,,,main,id,main,http://influencemap.org/company/Saint-Gobain-b9bb48993279c06f4444b6cbf536ca03,Climate Change
161,81225,done,Sasol,,,,,,,,,,,http://influencemap.org/company/Sasol-901b3e373efd487e596441367fe72a2c,Climate Change
162,81226,done,Sempra Energy,https://sempra.mediaroom.com/index.php?s=19080&pagetemplate=rss,,,,,,,div,id,wd_printable_content,http://influencemap.org/company/Sempra-Energy,Climate Change
163,81227,done,Southern Company,,,,,,,,,,,http://influencemap.org/company/Southern-Company,Climate Change
164,81228,done,Syngenta,,,,,,,,,,,http://influencemap.org/company/Syngenta-54d84c6f81e81973efb1a4b2c435aa12,Climate Change
165,81229,done,Vale,,,,,,,,,,,http://influencemap.org/company/Vale-e29ba1cc59a5d66cf188ef3b8794e305,"Climate Change, Shipping Sector Analysis"
166,81230,done,Capital Power Corporation,,,,,,,,,,,http://influencemap.org/company/Capital-Power-Corporation,Climate Change
167,81231,done,Cenovus Energy,,,,,,,,,,,http://influencemap.org/company/Cenovus-Energy,Climate Change
168,81232,done,Encana Corporation,,,,,,,,,,,http://influencemap.org/company/Encana-Corporation,Climate Change
169,81233,done,Husky Energy,,,,,,,,,,,http://influencemap.org/company/Husky-Energy,Climate Change
170,81234,done,Imperial Oil Limited,,,,,,,,,,,http://influencemap.org/company/Imperial-Oil-Limited,Climate Change
171,81235,done,TC Energy,,,,,,,,,,,http://influencemap.org/company/TransCanada-Corporation,Climate Change
172,81236,done,Apache Corp,,,,,,,,,,,http://influencemap.org/company/Apache-Corp,Climate Change
173,81237,done,EOG Resources,,,,,,,,,,,http://influencemap.org/company/EOG-Resources,Climate Change
174,81238,done,Hess Corporation,https://investors.hess.com/rss/news-releases.xml,,,,,,,div,class,node__content,http://influencemap.org/company/Hess-Corporation,Climate Change
175,81239,done,Marathon Petroleum,https://ir.marathonpetroleum.com/rss/pressrelease.aspx,,,,,,,div,class,module_body,http://influencemap.org/company/Marathon-Oil,Climate Change
176,81240,done,AGL Energy,,,,,,,,,,,http://influencemap.org/company/AGL-Energy,Climate Change
177,81241,done,Origin Energy,,,,,,,,,,,http://influencemap.org/company/Origin-Energy,Climate Change
178,81242,done,Oil Search,,,,,,,,,,,http://influencemap.org/company/Oil-Search,Climate Change
179,81243,done,Santos,,,,,,,,,,,http://influencemap.org/company/Santos-1a1fb152d93c9e34c7b741b97e6d6d1c,Climate Change
180,81244,done,Wesfarmers,,,,,,,,,,,http://influencemap.org/company/Wesfarmers-2a22874616b0b85b94728d0bd289f956,Climate Change
181,87085,done,Groupe PSA,,,,,,,,,,,http://influencemap.org/company/PSA-Peugeot-Citroen,"Climate Change, NOX"
182,87183,done,Fiat Chrysler Automobiles,,,,,,,,,,,http://influencemap.org/company/Fiat-Chrysler-Automobiles,"Climate Change, NOX"
183,89432,done,Teck Resources Limited,,,,,,,,,,,http://influencemap.org/company/Teck-Resources-Limited,Climate Change
184,89529,done,Anglo American,,,,,,,,,,,http://influencemap.org/company/Anglo-American,Climate Change
185,89717,done,Antofagasta,,,,,,,,,,,http://influencemap.org/company/Antofagasta,Climate Change
186,89718,done,Freeport-McMoRan,https://investors.fcx.com/rss/pressrelease.aspx,,,,,,,div,class,module_container module_container--inner clearfix,http://influencemap.org/company/Freeport-McMoRan,Climate Change
187,89719,done,First Quantum Minerals,https://www.first-quantum.com/rss/PressRelease.aspx?LanguageId=1,,,,,,,div,class,module_body clearfix,http://influencemap.org/company/First-Quantum-Minerals,Climate Change
188,89720,done,Vedanta Resources,,,,,,,,,,,http://influencemap.org/company/Vedanta-Resources,Climate Change
189,89721,done,Sumitomo Metal Mining,https://www.smm.co.jp/E/news/rss.xml,,,,,,,div,id,Contents,http://influencemap.org/company/Sumitomo-Metal-Mining,Climate Change
190,96478,done,Tesla,https://www.tesla.com/blog/feed,,,,,,,div,class,left-column,http://influencemap.org/company/Telsa-Motors,"Climate Change, NOX"
191,97907,done,Woodside,,,,,,,,,,,http://influencemap.org/company/Woodside-Petroleum,Climate Change
192,127260,done,Equinor (formerly Statoil),https://www.equinor.com/services/wcwfeed?lang=en&feedtype=news,,,,,,,div,class,news-page article,http://influencemap.org/company/Statoil-52dcf7a991209e6d453f4c7dec385d24,"Climate Change, Oil and Gas Sector Analysis"
193,166936,done,Tata Motors,,,,,,,,,,,http://influencemap.org/company/Tata-Motors,Climate Change
194,167112,done,Mazda,https://newsroom.mazda.com/en/rss/publicity.xml,,,,,,,div,class,c-container c-article,http://influencemap.org/company/Mazda-3b328602d0ed716727568a2618704bb2,"Climate Change, Energy Strategy"
195,167288,done,Suzuki,,,,,,,,,,,http://influencemap.org/company/Suzuki-a460b07424a3f6c4426ecb41c2b12ed5,"Climate Change, Energy Strategy"
196,169580,done,Akcansa,,,,,,,,,,,http://influencemap.org/company/Akcansa-Cimento-sanayi-ve-ticaret-a-s,Climate Change
197,169678,done,Buzzi Unicem,,,,,,,,,,,http://influencemap.org/company/Buzzi-Unicem,"Climate Change, Cement Sector Analysis"
198,169776,done,Cementos Argos SA,,,,,,,,,,,http://influencemap.org/company/Cementos-Argos-SA,Climate Change
199,169874,done,Cemex,,,,,,,,,,,http://influencemap.org/company/Cemex-1aabf6ff124b549d4b8826e58c89e4d5,"Climate Change, Cement Sector Analysis"
200,169972,done,Cementir Holding S.p.A,,,,,,,,,,,http://influencemap.org/company/Cemntir-Holding-SpA,Climate Change
201,170070,done,CRH plc,,,,,,,,,,,http://influencemap.org/company/CRH-Plc,"Climate Change, Cement Sector Analysis"
202,170168,done,HeidelbergCement,https://www.heidelbergcement.com/en/rss/press-release,,,,,,,section,class,section-content,http://influencemap.org/company/Heidelberg-Cement,"Climate Change, Cement Sector Analysis"
203,170266,done,Italcementi,,,,,,,,,,,http://influencemap.org/company/Italcementi-e6bdb5f71355e7e3671a65d4a8776544,"Climate Change, Cement Sector Analysis"
204,170364,done,PPC Ltd,,,,,,,,,,,http://influencemap.org/company/PPC-Ltd,Climate Change
205,170462,done,Shree Cement,,,,,,,,,,,http://influencemap.org/company/Shree-Cement,Climate Change
206,170560,done,Taiheiyo Cement Corporation,,,,,,,,,,,http://influencemap.org/company/Taiheiyo-Cement-Corporation,Climate Change
207,170658,done,UltraTech Cement,,,,,,,,,,,http://influencemap.org/company/Ultratech-Cement,Climate Change
208,174900,done,Holcim,,,,,,,,,,,http://influencemap.org/company/Holcim-17cf3ced32d9274a9a4ecd36e863c77a,Climate Change
209,175159,done,H & M,,,,,,,,,,,http://influencemap.org/company/H-M,Climate Change
210,177802,done,Evraz PLC,,,,,,,,,,,http://influencemap.org/company/Evraz-PLC-5b152db3c1b09178c1ea9949c2cac5e2,Climate Change
211,177900,done,United States Steel Corporation,,,,,,,,,,,http://influencemap.org/company/United-States-Steel-Corporation-c570c816236df5368be1860361aacb6d,Climate Change
212,177998,done,ThyssenKrupp AG,,,,,,,,,,,http://influencemap.org/company/ThyssenKrupp-AG-6c77b30b2b24882711908942480fd700,Climate Change
213,178096,done,JSW Steel,,,,,,,,,,,http://influencemap.org/company/JSW-Steel-cea3c0e78c79c6b2a32a129a9e033d8e,Climate Change
214,178194,done,Tata Steel,,,,,,,,,,,http://influencemap.org/company/Tata-Steel-6123b3619ba4066ddf062d76229667ff,Climate Change
215,178292,done,China Steel,,,,,,,,,,,http://influencemap.org/company/China-Steel-f7cbf9de9c8135e3cb60d5733a207898,Climate Change
216,178390,done,"Kobe Steel., Ltd.",,,,,,,,,,,http://influencemap.org/company/Kobe-Steel-Ltd-f53a69ef363781f34e41e5c6bf7735b4,"Climate Change, Energy Strategy"
217,178488,done,Hyundai Steel Co,,,,,,,,,,,http://influencemap.org/company/Hyundai-Steel-Co-7189f1a8931de0f8575437144e01a598,Climate Change
218,178586,done,Companhia Siderúrgica Nacional,,,,,,,,,,,http://influencemap.org/company/Cia-Siderurgica-Nacional-CSN-5e22bca0b6026a7dcdc9365bbe2fd54d,Climate Change
219,178684,done,SSAB,,,,,,,,,,,http://influencemap.org/company/SSAB-b4ccd7360e7b3723f491396145031ba1,Climate Change
220,185443,done,Petrobras,,,,,,,,,,,http://influencemap.org/company/Petrobras-cfbb83e866a19cb4f6348146333a07b4,"Oil and Gas Sector Analysis, Climate Change"
221,187099,done,IKEA,,,,,,,,,,,http://influencemap.org/company/IKEA-515bbf8f9ff5745b26552bae605228f2,Climate Change
222,230316,done,Ecocem,,,,,,,,,,,http://influencemap.org/company/Ecocem-115fd4ff53482df64df017428bb3c825,"Climate Change, Cement Sector Analysis"
223,235840,done,Nucor Corporation,,,,,,,,,,,http://influencemap.org/company/Nucor-873d75a67d55fd77b9d191c9ec3d6f46,Climate Change
224,235938,done,Voestalpine,,,,,,,,,,,http://influencemap.org/company/Voestalpine-de14e707053b3ef0386a26bcbb77068d,Climate Change
225,237707,done,Korea Electric Power Corporation (KEPCO),,,,,,,,,,,http://influencemap.org/company/Kepco-0e2e5c15ae956a5fcdfb71b31682baaf,Climate Change
226,237805,done,CLP Holdings,,,,,,,,,,,http://influencemap.org/company/CLP-Holdings-733fde25181547a0a9ce6733c6d1bf72,Climate Change
227,237903,done,Consolidated Edison,https://investor.conedison.com/rss/news-releases.xml,,,,,,,div,class,ccbnNewsArticleText,http://influencemap.org/company/Cons-Edison-Holding-b1692b383409df9a028581d0a42c1290,Climate Change
228,238001,done,Cheung Kong Infrastructure Holdings,,,,,,,,,,,http://influencemap.org/company/Cheung-Kong-Infrastructure-Holdings-1840f83230a4e3c8bc39659e2ecaa14c,Climate Change
229,238099,done,XCEL Energy,,,,,,,,,,,http://influencemap.org/company/XCEL-Energy-15fe8dadaef42488940ca6e444910afb,Climate Change
230,238197,done,European Investment Bureau (EEB),,,,,,,,,,,http://influencemap.org/company/-293cf8e9dff932cc383c0ab38430ba50,
231,240421,done,Centrica,,,,,,,,,,,http://influencemap.org/company/Centrica-b4d9224099679858f87f66a8e49de44a,"Climate Change, UK Power Sector"
232,240519,done,Verbund,,,,,,,,,,,http://influencemap.org/company/Verbund-ad2bb27cebe17edf31f8fcafc90a9248,Climate Change
233,240617,done,EDP,,,,,,,,,,,http://influencemap.org/company/EDP-b50cfcb64cc1b10b306261fd09711d2e,Climate Change
234,240715,done,Fortum,,,,,,,,,,,http://influencemap.org/company/Fortum-b6b682169937bda28a9deeaa1c445ac6,Climate Change
235,240813,done,Endesa,,,,,,,,,,,http://influencemap.org/company/Endesa-d44479eb30b8a99123c32c847ffd97f6,Climate Change
236,240911,done,SSE,,,,,,,,,,,http://influencemap.org/company/SSE-18c5ea10186d5866341487dfe0a8d872,"Climate Change, UK Power Sector"
237,241009,done,EnBW,,,,,,,,,,,http://influencemap.org/company/EnBW-5c3c54a7141245877dee5fc061e8c065,Climate Change
238,241107,done,CEZ,https://www.cez.cz/rss/en/pressreleases.xml,,,,,,,article,class,article__content,http://influencemap.org/company/CEZ-0557406667710e301a806961fd696675,Climate Change
239,243891,done,Ernst & Young,,,,,,,,,,,http://influencemap.org/company/Ernst-and-Young-2d16bc239a7baea3a49d701c829c8e59,"Climate Change, Subsidies, Subsidies"
240,248028,done,Volvo Group,https://www.volvogroup.com/en-en/news-and-media.feed.html,,,,,,,div,class,main-content container,http://influencemap.org/company/Volvo-Group-e9eeb1935c20febdd72d8e76e1bdd58c,Climate Change
241,248126,done,Atlas Copco,,,,,,,,,,,http://influencemap.org/company/Atlas-Copco-ab1f61ac0a74e7e9e3db8130720bb7d3,Climate Change
242,249363,done,PwC,http://feeds.feedburner.com/GlobalPressRoom,,,,,,,div,class,text-component,http://influencemap.org/influencer/PwC-204bbc80e157e1f37d53f7831e04483f,Subsidies
243,249528,done,Deloitte,,,,,,,,,,,http://influencemap.org/influencer/Deloitte-3a78e2470e66681e7c3d91640bb48e19,Subsidies
244,256470,done,Rosneft,https://www.rosneft.com/press/news/rss/,,,,,,,div,class,common-text,http://influencemap.org/company/Rosneft-bd5a8d50bc92140b60f33015bc96b8d0,Climate Change
245,256568,done,Subaru,https://www.subaru.co.jp/press/news-en/feed/,,,,,,,div,id,text,http://influencemap.org/company/Fuji-Heavy-Industries-3e2d7e8ec6efefbb5523bcc0107afcef,"Climate Change, Energy Strategy"
246,263937,,ANA Holdings,,,,,,,,,,,http://influencemap.org/company/ANA-Holdings-71cec5b92833fe30cdc3f634efd3868f,Energy Strategy
247,263938,,Kawasaki Kisen Kaisha (K Line),,,,,,,,,,,http://influencemap.org/company/Kawasaki-Kisen-Kaisha-K-Line-7b1464c05b394d05e87c45273d59f840,Energy Strategy
248,263939,,Mitsui OSK Lines,,,,,,,,,,,http://influencemap.org/company/Mitsui-OSK-Lines-d3280ba92638243c6042dd3813d2de38,"Energy Strategy, Shipping Sector Analysis"
249,263940,,Nippon Express,,,,,,,,,,,http://influencemap.org/company/Nippon-Express-619b9b367b07d9578ef8c39924d0f1ad,Energy Strategy
250,263941,,Nippon Yusen KK,,,,,,,,,,,http://influencemap.org/company/Nippon-Yusen-KK-64f8bd1d99d761be9883740636332ed7,Energy Strategy
251,263942,,Yamato Holdings,,,,,,,,,,,http://influencemap.org/company/Yamato-Holdings-b89460542f4668e48ce326c3d784ceb9,Energy Strategy
252,263943,,Bridgestone,,,,,,,,,,,http://influencemap.org/company/Bridgestone-50c738a4a5f57a2ec35f4cea9d1796ce,Energy Strategy
253,263944,,Denso,,,,,,,,,,,http://influencemap.org/company/Denso-7d7a158212d386311ee76363029124f1,"Cement Sector Analysis, Energy Strategy"
254,263945,,Hino Motors,,,,,,,,,,,http://influencemap.org/company/Hino-Motors-a169cb89e22dcf4f361ded0f34af25da,Energy Strategy
255,263946,,Isuzu Motors,,,,,,,,,,,http://influencemap.org/company/Isuzu-Motors-f39cdfd0be5b4f768992d739a6e86121,Energy Strategy
256,263947,,Mitsubishi Motors Corp,,,,,,,,,,,http://influencemap.org/company/Mitsubishi-Motors-Corp-ebb742d5c1da153d06bfe13320bd1f00,"Energy Strategy, Energy Strategy, Energy Strategy"
257,263948,,Sumitomo Electric,,,,,,,,,,,http://influencemap.org/company/Sumitomo-Electric-2584af12aeaab651aa794b6eac9be77d,Energy Strategy
258,263949,,Yamaha Motor,,,,,,,,,,,http://influencemap.org/company/Yamaha-Motor-87336f3583a9fd20719dca6088f9c126,Energy Strategy
259,263950,,Dai Nippon Printing,,,,,,,,,,,http://influencemap.org/company/Dai-Nippon-Printing-1b01ec8cdbfd4306adb01d461bd1c728,Energy Strategy
260,263951,,Daiwa House Industry,,,,,,,,,,,http://influencemap.org/company/Daiwa-House-Industry-19e64f68c0b5ddbb9fca218de076ad36,"Energy Strategy, Energy Strategy, Energy Strategy"
261,263952,,Itochu,,,,,,,,,,,http://influencemap.org/company/Itochu-351494210972da56565b21e05b8b90e6,"Energy Strategy, Energy Strategy"
262,263953,,Kajima,,,,,,,,,,,http://influencemap.org/company/Kajima-b47a1ac536cbea25532533620f549acb,Energy Strategy
263,263954,,Marubeni,,,,,,,,,,,http://influencemap.org/company/Marubeni-f72e29146d7ba4936cfe0df7d155f54e,Energy Strategy
264,263955,,Mitsui Fudosan,,,,,,,,,,,http://influencemap.org/company/Mitsui-Fudosan-f7bd5c3026b71a14be9f69e9afd43f01,Energy Strategy
265,263956,,Obayashi,,,,,,,,,,,http://influencemap.org/company/Obayashi-bcd49a4f41507e6fe07bdaa644c2a587,Energy Strategy
266,263957,,Sekisui House,,,,,,,,,,,http://influencemap.org/company/Sekisui-House-6ccebe41c372a48805f5941d4441ae3c,Energy Strategy
267,263958,,Shimizu,,,,,,,,,,,http://influencemap.org/company/Shimizu-852e57e88fd85de8696d8047424200ff,"Energy Strategy, Climate Change"
268,263959,,Sumitomo Corp,,,,,,,,,,,http://influencemap.org/company/Sumitomo-Corp-b111e1ae1253813ea9f46ceaf8b0e2a7,Energy Strategy
269,263960,,Taisei Corp,,,,,,,,,,,http://influencemap.org/company/Taisei-Corp-1499c0747bab6eecf9108afc39fc0d11,Energy Strategy
270,263961,,Toppan Printing,,,,,,,,,,,http://influencemap.org/company/Toppan-Printing-531c76789081c20833d7c48e925f207e,Energy Strategy
271,263962,,Toyota Tsusho,,,,,,,,,,,http://influencemap.org/company/Toyota-Tsusho-b8b0edabb1d023af984d5ee72bb67611,Energy Strategy
272,263963,,Asahi Group Holdings,,,,,,,,,,,http://influencemap.org/company/Asahi-Group-Holdings-926007a611d2e934e9951d6e454481e4,Energy Strategy
273,263964,,Japan Tobacco,,,,,,,,,,,http://influencemap.org/company/Japan-Tobacco-cb79092c2046d38219556c445606a766,Energy Strategy
274,263965,,Kao,,,,,,,,,,,http://influencemap.org/company/Kao-0245144676df57eda662e82f41022fd3,Energy Strategy
275,263966,,ENEOS Holdings (formerly JX Holdings Inc),,,,,,,,,,,http://influencemap.org/company/JX-Holdings-8265ac9d61c07ebb304baaf892acac65,"Energy Strategy, Climate Change, Climate Change"
276,263967,,Osaka Gas,,,,,,,,,,,http://influencemap.org/company/Osaka-Gas-af7e2ff1d4af430431c4bea76444a367,Energy Strategy
277,263968,,Showa Shell Sekiyu,,,,,,,,,,,http://influencemap.org/company/Showa-Shell-Sekiyu-7f6cdef437e9d0f85f93a80400d2eacc,Energy Strategy
278,263969,,Dai-ichi Life Holdings,,,,,,,,,,,http://influencemap.org/company/Dai-ichi-Life-Holdings-f9a6cbb9bcda565c416dd69e1d8ec0bb,Energy Strategy
279,263970,,Mitsubishi UFJ Financial Group,,,,,,,,,,,http://influencemap.org/company/Mitsubishi-UFJ-Financial-Group-4d0f732832f01cf3d2a97585f50017ab,"Energy Strategy, Finance and Climate, Engagement Analysis"
280,263971,,Mizuho Financial Group,,,,,,,,,,,http://influencemap.org/company/Mizuho-Financial-Group-92f5756dc8d48a91c6f6b4cdb26a0580,"Energy Strategy, Finance and Climate, Engagement Analysis"
281,263972,,MS&AD Insurance Group Holdings,,,,,,,,,,,http://influencemap.org/company/MS-AD-Insurance-Group-Holdings-a7636273bec87c65929638858d55ad42,Energy Strategy
282,263973,,Nomura Holdings,,,,,,,,,,,http://influencemap.org/company/Nomura-Holdings-de42eb38fa8eb308af6a7f13579a62e6,Energy Strategy
283,263974,,SOMPO Holdings,,,,,,,,,,,http://influencemap.org/company/SOMPO-Holdings-b1a1f6a895635acb2020ed730891e82b,Energy Strategy
284,263975,,Sumitomo Mitsui Financial Group,,,,,,,,,,,http://influencemap.org/company/Sumitomo-Mitsui-Financial-Group-b775f438207269c92f6f1a09b3a15726,"Energy Strategy, Finance and Climate, Engagement Analysis"
285,263976,,T&D Holdings,,,,,,,,,,,http://influencemap.org/company/T-D-Holdings-fbc74e4c42ca095d517bd02ab163f00d,
286,263977,,Tokio Marine Holdings,,,,,,,,,,,http://influencemap.org/company/Tokio-Marine-Holdings-618a593ef91a93c531841c01e9165676,Energy Strategy
287,263978,,Astellas Pharma,,,,,,,,,,,http://influencemap.org/company/Astellas-Pharma-052c2071ee10ea34aee514868def8e1f,Energy Strategy
288,263979,,Kirin Holdings,,,,,,,,,,,http://influencemap.org/company/Kirin-Holdings-cd3cf37ca8e3fabe55352c92813cc9cf,Energy Strategy
289,263980,,Takeda Pharmaceutical,,,,,,,,,,,http://influencemap.org/company/Takeda-Pharmaceutical-8210d41e8deb026ae0c0084189042e19,"Cement Sector Analysis, Energy Strategy"
290,263981,,Central Japan Railway,,,,,,,,,,,http://influencemap.org/company/Central-Japan-Railway-7f29450d9993300eff5912565d9708f6,Energy Strategy
291,263982,,East Japan Railway Company,,,,,,,,,,,http://influencemap.org/company/East-Japan-Railway-Company-a5a21caddee38eff9a17aee32fe9a363,"Energy Strategy, Energy Strategy"
292,263983,,IHI,,,,,,,,,,,http://influencemap.org/company/IHI-7b1a4e2b700e4db65128bbbfab56e449,Energy Strategy
293,263984,,Jtekt,,,,,,,,,,,http://influencemap.org/company/Jtekt-d3afa2910fa7955cd52084b4dce69666,Energy Strategy
294,263985,,Kawasaki Heavy Industries,,,,,,,,,,,http://influencemap.org/company/Kawasaki-Heavy-Industries-3c743eab683171960d1df0e8cd4fca86,Energy Strategy
295,263986,,Komatsu,,,,,,,,,,,http://influencemap.org/company/Komatsu-e322b5fe4632d7868fa7ce09596dff2c,"Cement Sector Analysis, Energy Strategy"
296,263987,,Kubota,,,,,,,,,,,http://influencemap.org/company/Kubota-09737f4081ec572e7d2fc8d857dca98f,Energy Strategy
297,263988,,Kyocera,,,,,,,,,,,http://influencemap.org/company/Kyocera-1220306837ca03faef5183f1f90245cd,Energy Strategy
298,263989,,Mitsubishi Electric,,,,,,,,,,,http://influencemap.org/company/Mitsubishi-Electric-71ce31496eb6baf47b7a880b969cb020,Energy Strategy
299,263990,,Mitsubishi Heavy Industries,,,,,,,,,,,http://influencemap.org/company/Mitsubishi-Heavy-Industries-1d353c9a6757d314931ba4b7f0706a88,"Energy Strategy, Climate Change"
300,263991,,Sojitz,,,,,,,,,,,http://influencemap.org/company/Sojitz-35271ebedb0d2f8ff80b10c24820e864,Energy Strategy
301,263992,,West Japan Railway,,,,,,,,,,,http://influencemap.org/company/West-Japan-Railway-a69ae91c37ed97381a46cf38177f6f17,Energy Strategy
302,263993,,Canon,,,,,,,,,,,http://influencemap.org/company/Canon-7dc00c1f729fd2cd44571f3fed7af5b0,Energy Strategy
303,263994,,Fujifilm Holdings,,,,,,,,,,,http://influencemap.org/company/Fujifilm-Holdings-a20b68ae59372af740c47549fbbb9e18,Energy Strategy
304,263995,,Fujitsu,,,,,,,,,,,http://influencemap.org/company/Fujitsu-5553910a8a935aa900141b52774d670e,"Energy Strategy, Climate Change"
305,263996,,NEC,,,,,,,,,,,http://influencemap.org/company/NEC-78abdfb421e531234af94259def1eb49,"Energy Strategy, Energy Strategy, Energy Strategy"
306,263997,,NTT Data,,,,,,,,,,,http://influencemap.org/company/NTT-Data-e12c96247e65899023a54c06ef3ef0e1,Energy Strategy
307,263998,,Panasonic,,,,,,,,,,,http://influencemap.org/company/Panasonic-8f09a02061befec7c7ed37b4ec8671b7,"Energy Strategy, Climate Change, Climate Change"
308,263999,,Ricoh,,,,,,,,,,,http://influencemap.org/company/Ricoh-d5f926de61525ab947b52453196b08bc,"Energy Strategy, Climate Change"
309,264000,,Sony,,,,,,,,,,,http://influencemap.org/company/Sony-55865d4c8c0de94cc26d340929cbf05f,"Energy Strategy, Climate Change"
310,264001,,Sony Financial Holdings,,,,,,,,,,,http://influencemap.org/company/Sony-Financial-Holdings-5f9ad339d516820ccab972c7cd38d3be,Energy Strategy
311,264002,,Toshiba,,,,,,,,,,,http://influencemap.org/company/Toshiba-d6746bab6535e893ab1b1c11e938b04f,Energy Strategy
312,264003,,Asahi Glass,,,,,,,,,,,http://influencemap.org/company/Asahi-Glass-56b1d1e9fae2e948a1aaa1435cae5e1c,Energy Strategy
313,264004,,Daikin Industries,,,,,,,,,,,http://influencemap.org/company/Daikin-Industries-c399bb6a6c5eafb712e1d8915111f067,"Energy Strategy, Climate Change, Climate Change"
314,264005,,Mitsubishi Materials,,,,,,,,,,,http://influencemap.org/company/Mitsubishi-Materials-6538054109acaea3c99f092bc1f50ada,Energy Strategy
315,264006,,Oji Holdings,,,,,,,,,,,http://influencemap.org/company/Oji-Holdings-0458dc4815da8930dec07e37e56ca7e8,Energy Strategy
316,264007,,Aeon,,,,,,,,,,,http://influencemap.org/company/Aeon-c108dcb7adace65c9ac9a6b0bcfb558c,"Cement Sector Analysis, Energy Strategy"
317,264008,,Fast Retailing,,,,,,,,,,,http://influencemap.org/company/Fast-Retailing-7d559ed92d6fb085eb90cd50c778abd4,Energy Strategy
318,264009,,Isetan Mitsukoshi Holdings,,,,,,,,,,,http://influencemap.org/company/Isetan-Mitsukoshi-Holdings-9712b9fc6327d7a9e2814d2cfd137feb,Energy Strategy
319,264010,,Seven & I Holdings,,,,,,,,,,,http://influencemap.org/company/Seven-I-Holdings-42b5b888d984a888e0693d5728c4744c,Energy Strategy
320,264011,,KDDI,,,,,,,,,,,http://influencemap.org/company/KDDI-31d2e6195cc72b9eb5110f42edb26e11,Energy Strategy
321,264012,,NTT Docomo,,,,,,,,,,,http://influencemap.org/company/NTT-Docomo-e2714f559d75b5b16780091bbb56e37b,Energy Strategy
322,264013,,Chubu Electric Power,,,,,,,,,,,http://influencemap.org/company/Chubu-Electric-Power-10862bccbb611e0a02794f2ee6199d10,Energy Strategy
323,264014,,Kansai Electric Power,,,,,,,,,,,http://influencemap.org/company/Kansai-Electric-Power-2f300e0b857c119ca64132b3a0e4f2d1,Energy Strategy
324,264015,,Tokyo Electric Power Company (TEPCO),,,,,,,,,,,http://influencemap.org/company/Tokyo-Electric-Power-1ca3d7fc72e0cf59203b39b9829b0728,"Energy Strategy, Climate Change"
325,264016,,Tokyo Gas,,,,,,,,,,,http://influencemap.org/company/Tokyo-Gas-1a6f2c1f57a7e761e174cd059fc54034,Energy Strategy
326,266738,,Covestro,,,,,,,,,,,http://influencemap.org/company/Convestro-9cfd05ab3bc4f60028fa21b7094a3bc4,Climate Change
327,269628,,South32,,,,,,,,,,,http://influencemap.org/company/South-32-62081f846e228e3e38b0053cc58fd4e0,Climate Change
328,284091,,Boliden,,,,,,,,,,,http://influencemap.org/company/Boliden-66aa64b88a5d33f7533e7106bcceaf7f,Climate Change
329,284489,,NH Foods,,,,,,,,,,,http://influencemap.org/company/NH-Foods-3f65bb85d23e38a6831e15fb577c790d,Energy Strategy
330,287822,,Amazon,,,,,,,,,,,http://influencemap.org/company/Amazon-6ef39ea5f5d349615d709268befdb436,Climate Change
331,288416,,Saudi Aramco,,,,,,,,,,,http://influencemap.org/company/Saudi-Aramco-5d080667c8b668082bdd862768bce38c,Climate Change
332,288849,,Carnival Corporation,,,,,,,,,,,http://influencemap.org/company/Carnival-fd13a28dbee75c8e398c61c013a5e674,"Climate Change, Shipping Sector Analysis"
333,290952,,Mediterranean Shipping Company (MSC),,,,,,,,,,,http://influencemap.org/company/Mediterranean-Shipping-Company-MSC-341860631e79e6b53a3cca3ae9cde635,Climate Change
334,296680,,CMA CGM,,,,,,,,,,,http://influencemap.org/company/-a6469b58a910a09e062b9d426db1b90b,"Climate Change, Shipping Sector Analysis"
335,302252,,Hapag-Lloyd,,,,,,,,,,,http://influencemap.org/company/Hapag-Lloyd-7782f8a283fe4dd2919d3d2c34dacc95,"Climate Change, Shipping Sector Analysis"
336,302537,,Novo Nordisk,,,,,,,,,,,http://influencemap.org/company/Novo-Nordisk-2d3e9fcc266031630ee875a6bcb562a9,Climate Change
337,304008,,Mondi,,,,,,,,,,,http://influencemap.org/company/Mondi-3a8bb268d8f9573d13812dff9af739c1,Climate Change
338,308268,,Volvo Cars,,,,,,,,,,,http://influencemap.org/company/Volvo-Cars-43475f3e016121a4dfad3d167997c45c,Climate Change
339,310050,,Clariant,,,,,,,,,,,http://influencemap.org/company/Clariant-c2009786759b194a6e9ffe32443be023,Climate Change
340,366641,,Air France-KLM,,,,,,,,,,,http://influencemap.org/company/Air-France-KLM-a93f0fff3b302d582d4a156eab9ed99f,Climate Change
341,366739,,Anhui Conch Cement,,,,,,,,,,,http://influencemap.org/company/Anhui-Conch-Cement-3d3c28226ac42e509ba2442fd2a67abd,Climate Change
342,366837,,China Petroleum & Chemical Corporation (Sinopec),,,,,,,,,,,http://influencemap.org/company/China-Petroleum-Chemical-Corporation-d3536c59b2db3fa9c9c403acd539f25d,Climate Change
343,366935,,China Shenhua Energy,,,,,,,,,,,http://influencemap.org/company/China-Shenhua-Energy-ba695be12a19081d961f80f6c763abbc,Climate Change
344,367033,,CNOOC,,,,,,,,,,,http://influencemap.org/company/CNOOC-965143bc424fea57a60aa87df82bc3fc,Climate Change
345,367131,,Coal India,,,,,,,,,,,http://influencemap.org/company/Coal-India-9617ba0d9ae84c7cee6f0438189292db,Climate Change
346,367229,,Cummins,,,,,,,,,,,http://influencemap.org/company/Cummins-60d45894f7d5443dfc0a16b96cab8037,Climate Change
347,367327,,Ecopetrol,,,,,,,,,,,http://influencemap.org/company/Ecopetrol-4b45bb6dedd9ead48306f8569663730f,Climate Change
348,367425,,Formosa Petrochemical,,,,,,,,,,,http://influencemap.org/company/Formosa-Petrochemical-fecbe60aa1c105b01051fd5f6ac1fed0,Climate Change
349,367523,,Trane Technologies (formerly Ingersoll-Rand Co. Ltd),,,,,,,,,,,http://influencemap.org/company/Ingersoll-Rand-709c5a5940a2c59593d400040c863313,Climate Change
350,367621,,International Paper Company,,,,,,,,,,,http://influencemap.org/company/International-Paper-Company-29f8663786c8afce50b6d69a645c7b77,Climate Change
351,367719,,Philips,,,,,,,,,,,http://influencemap.org/company/Koninklijke-Philips-NV-9fae8bd29bb489c3207a13ebd718865d,Climate Change
352,367817,,Martin Marietta Materials,,,,,,,,,,,http://influencemap.org/company/Martin-Marietta-Materials-21c69f1d608b4557315dd29cefc865b3,Climate Change
353,367915,,Nornickel (MMC Norilsk Nickel),,,,,,,,,,,http://influencemap.org/company/MMC-Norilsk-Nickel-f3de28e53bd8bec0366f061b16b9ae39,Climate Change
354,368013,,NTPC Ltd,,,,,,,,,,,http://influencemap.org/company/NTPC-Ltd-3d350edb2e58d081b86c9fdaa036a85a,Climate Change
355,368111,,Oil and Natural Gas Corporation (ONGC),,,,,,,,,,,http://influencemap.org/company/Oil-Natural-Gas-Ltd-ONGC-77af6c7026e1376e1fea229d9f054623,Climate Change
356,368209,,OMV,,,,,,,,,,,http://influencemap.org/company/OMV-9575d9222925fe611b993356d67f507c,"Climate Change, Sustainable Finance"
357,368307,,PACCAR,,,,,,,,,,,http://influencemap.org/company/PACCAR-48e918779dd0d348cd39c7cd0cbf77b8,Climate Change
358,368405,,PetroChina Company Limited,,,,,,,,,,,http://influencemap.org/company/PetroChina-Company-Limited-b382e1bcc1183ab36ce2f55e8d540fc7,Climate Change
359,368503,,Gazprom,,,,,,,,,,,http://influencemap.org/company/Gazprom-aa49c86702c5ffe7cfe50b903292709b,Climate Change
360,368601,,Rolls-Royce,,,,,,,,,,,http://influencemap.org/company/Rolls-Royce-ae9744dc43fb73f9d30f3863215f1a6b,Climate Change
361,368699,,Saic Motor,,,,,,,,,,,http://influencemap.org/company/Saic-Motor-a1b706228303c63e68b65553f640d44f,Climate Change
362,368797,,Severstal,,,,,,,,,,,http://influencemap.org/company/Severstal-0d18eb3703cd4d780b10a4198adad4d4,Climate Change
363,368895,,SK Innovation Co,,,,,,,,,,,http://influencemap.org/company/SK-Innovation-Co-36242001e7c475d24750957a9d843011,Climate Change
364,368993,,Southern Copper Corporation (SCC),,,,,,,,,,,http://influencemap.org/company/Southern-Copper-Corporation-SCC-6018d32a0834333206175db3caca2389,Climate Change
365,369091,,Andeavor,,,,,,,,,,,http://influencemap.org/company/Andeavor-8e69336627a6967c1a8b851328d4d560,Climate Change
366,370625,,PGE Group,,,,,,,,,,,http://influencemap.org/company/PGE-Group-44fe8453a18a1f6703d40994bf6d62ec,Climate Change
367,371080,,Otsuka Holdings,,,,,,,,,,,http://influencemap.org/company/Otsuka-Holdings-788fc46a530320c6b1294c9887105782,Energy Strategy
368,378131,,Imperial Oil,,,,,,,,,,,http://influencemap.org/company/Imperial-Oil-d76ac54c9b9de66565d02f79388ef456,
369,378133,,imperial oil limited,,,,,,,,,,,http://influencemap.org/company/imperial-oil-limited-2022202c1d37932086ba39488fe8e2cd,
370,380837,,Skanska,,,,,,,,,,,http://influencemap.org/company/Skanska-389fa24697a1e119e118358892a5900c,Climate Change
371,393003,,NRG Energy,,,,,,,,,,,http://influencemap.org/company/NRG-Energy-87def577abc38fd8c082b0617ca8cc50,Climate Change
372,395231,,Colgate-Palmolive,,,,,,,,,,,http://influencemap.org/company/Colgate-Palmoliv-8df0c539f66b58adc7672a038c1a6548,"Climate Change, Climate Change"
373,397587,done,Devon Energy,https://investors.devonenergy.com/rss/pressrelease.aspx,,,,,,,div,class,PaneContent,http://influencemap.org/company/Devon-Energy-fac60f4e6a741eb74d01405dd722234b,Climate Change
374,403116,done,HSBC,,,,,,,,,,,http://influencemap.org/company/HSBC-Holdings-1de7d9c226f74109101a5de37abcc0fc,"Sustainable Finance, Engagement Analysis, Finance and Climate"
375,403195,done,BNP Paribas,,,,,,,,,,,http://influencemap.org/company/BNP-Paribas-2fc34d531bc028543aa6487d2fb55a08,"Sustainable Finance, Engagement Analysis, Finance and Climate"
376,403274,done,Allianz,,,,,,,,,,,http://influencemap.org/company/Allianz-2906a458cbce6824fd83c289dbeee3e0,"Sustainable Finance, Engagement Analysis, Finance and Climate"
377,403353,done,Santander,http://investors.santanderconsumerusa.com/rss/pressrelease.aspx,,,,,,,div,class,module_body,http://influencemap.org/company/Banco-Santander-a48f3abb68f0e4aec9a272d3ed5be15a,"Sustainable Finance, Finance and Climate, Engagement Analysis, Engagement Analysis, Engagement Analysis"
378,403432,done,AXA,https://www.axa.com/en/rss,,,,,,,main,role,main,http://influencemap.org/company/AXA-Group-b9fa3b893c5f7a927a65af52091a31fc,"Sustainable Finance, Engagement Analysis, Finance and Climate"
379,403511,done,ING,https://www.ing.com/news.rss,,,,,,,div,class,content-article,http://influencemap.org/company/ING-Group-72e4c6db0a8aae4dbc1727bef55e5b1f,"Sustainable Finance, Finance and Climate, Engagement Analysis"
380,403590,done,Intesa Sanpaolo,,,,,,,,,,,http://influencemap.org/company/Intesa-Sanpaolo-de9894276233e172602de5e2a62271e2,Sustainable Finance
381,403669,done,Prudential,https://news.prudential.com/feeds/prudential-featured-stories.xml,,,,,,,div,id,tek-site,http://influencemap.org/company/Prudential-da1e4e3e63844ddd08e0b7a92252c2bf,"Sustainable Finance, Engagement Analysis, Finance and Climate"
382,403748,done,Lloyds Banking Group,,,,,,,,,,,http://influencemap.org/company/Lloyds-Banking-Group-3f5de1c102d061ef3a2a022471a95ef6,"Sustainable Finance, Finance and Climate"
383,403827,done,Zurich Insurance,,,,,,,,,,,http://influencemap.org/company/Zurich-Insurance-Group-a717fd6195659a306d5d2497253400f7,Sustainable Finance
384,403906,done,UniCredit,,,,,,,,,,,http://influencemap.org/company/UniCredit-Group-3ff9f7ebf380cceca71f2de82729c89d,Sustainable Finance
385,403985,done,BBVA,,,,,,,,,,,http://influencemap.org/company/BBVA-Banco-Bilbao-Vizcaya-Argentaria-d2255c895f639ac6e2020a9838f82748,Sustainable Finance
386,404064,done,Chubb,https://investors.chubb.com/rss/pressrelease.aspx,,,,,,,div,class,ModuleBody,http://influencemap.org/company/Chubb-4a6eee8bd748792edb6c72795e24dbb1,Sustainable Finance
387,404143,done,Generali,,,,,,,,,,,http://influencemap.org/company/Generali-Group-15ff243114e6d8fadf1b9adb0a57e42f,Sustainable Finance
388,404222,done,Credit Agricole,,,,,,,,,,,http://influencemap.org/company/Credit-Agricole-8f9efc55dd2c4409f8a19350c17fd121,"Sustainable Finance, Engagement Analysis, Finance and Climate"
389,404301,done,Société Générale,,,,,,,,,,,http://influencemap.org/company/Soci-t-G-n-rale-0d6dbbc3f47e77e66d2a40c54d077e72,"Sustainable Finance, Finance and Climate, Engagement Analysis"
390,404380,done,UBS,https://www.ubs.com/global/en/media/_jcr_content/mainpar/toplevelgrid_1664602674/col1/searchdrivenactivity_1097886631.rss.xml,,,,,,,div,id,main,http://influencemap.org/company/UBS-Group-c6025ebf50c31ab0f4ae8c0b95b0e682,"Sustainable Finance, Engagement Analysis, Finance and Climate"
391,404459,done,Royal Bank of Scotland Group,,,,,,,,,,,http://influencemap.org/company/Royal-Bank-of-Scotland-Group-49157c252fccefbe26a4fffb7cd99d43,Sustainable Finance
392,404538,done,Aviva,,,,,,,,,,,http://influencemap.org/company/Aviva-e4fd82803f0b1a07550acf2854cdc54b,"Sustainable Finance, Engagement Analysis"
393,404617,done,Legal & General,,,,,,,,,,,http://influencemap.org/company/Legal-General-Group-1a792f0058ecfa816dc55c9119878fe8,"Sustainable Finance, Engagement Analysis"
394,404696,done,BlackRock,https://www.blackrockbkcc.com/rss/news-releases.xml?items=15,,,,,,,div,class,node__content,http://influencemap.org/company/BlackRock-f3dcafffa2ab437101eda05738f9bd77,"Sustainable Finance, Engagement Analysis, Climate Change, Finance and Climate"
395,404775,done,Vanguard,https://investornews.vanguard/feed/,,,,,,,div,class,post-content,http://influencemap.org/company/The-Vanguard-Group-89ea85b297b02aa70cf265fd2e6f363b,"Sustainable Finance, Engagement Analysis"
396,404854,done,State Street,,,,,,,,,,,http://influencemap.org/company/State-Street-Corporation-f7955ad70ed0b12532da311eb811cebf,"Sustainable Finance, Engagement Analysis"
397,404933,done,BNY Mellon,,,,,,,,,,,http://influencemap.org/company/BNY-Mellon-dfd7af5981b2104012b62f1d0a689df1,"Sustainable Finance, Engagement Analysis, Climate Change"
398,405012,done,JPMorgan Chase,https://jpmorganchaseco.gcs-web.com/rss/news-releases.xml,,,,,,,div,class,node__content,http://influencemap.org/company/J-P-Morgan-d321a17da1ee575e58c9879a8aaa61de,"Sustainable Finance, Engagement Analysis, Climate Change, Climate Change, Finance and Climate"
399,412265,done,Schneider Electric,,,,,,,,,,,http://influencemap.org/company/Schneider-Electric-d2aff0370d31187336625e9f61917f2d,Climate Change
400,412569,done,Amundi,,,,,,,,,,,http://influencemap.org/company/Amundi-34a77895c077b9e28cf8563c4a6496ea,Sustainable Finance
401,412648,done,Goldman Sachs,,,,,,,,,,,http://influencemap.org/company/Goldman-Sachs-0fa8375269f8b6cc487e435da637b393,"Sustainable Finance, Engagement Analysis, Climate Change, Finance and Climate"
402,412727,done,Natixis,,,,,,,,,,,http://influencemap.org/company/Natixis-c1550f609add46001784f78da8ff37ef,"Sustainable Finance, Engagement Analysis"
403,412806,done,T. Rowe Price,https://troweprice.gcs-web.com/rss/news-releases.xml,,,,,,,div,class,xn-content,http://influencemap.org/company/T-Rowe-Price-bed8280ffbd92c793ec6e50da0782ba2,"Sustainable Finance, Engagement Analysis"
404,412885,done,TIAA,,,,,,,,,,,http://influencemap.org/company/Nuveen-e2e1f2820866ea6207dc879a25456882,"Sustainable Finance, Engagement Analysis"
405,412964,done,Northern Trust,,,,,,,,,,,http://influencemap.org/company/Northern-Trust-6a444bbbee2f31976f08f7ac71ef92e0,"Sustainable Finance, Engagement Analysis"
406,413043,done,Invesco,,,,,,,,,,,http://influencemap.org/company/Invesco-7270628015c59fe8b342b346860eb361,"Sustainable Finance, Engagement Analysis"
407,413122,done,Deutsche Bank,http://www.dbresearch.com/PROD/RPS_EN-PROD/RSS_GROUP_HOME_EN.calias,,,,,,,div,class,aktp-doc,http://influencemap.org/company/Deutsche-Bank-a5383ed2c795be0db9ff9d362f69b4bc,"Sustainable Finance, Engagement Analysis, Finance and Climate"
408,413201,done,Standard Life Aberdeen,,,,,,,,,,,http://influencemap.org/company/Standard-Life-Aberdeen-e3e8b9d79066f08d2e2cbb4bdd1b26e9,Sustainable Finance
409,413280,done,Franklin Templeton Investments,,,,,,,,,,,http://influencemap.org/company/Franklin-Templeton-Investments-f612223f78d2182ebf063bc509c5f914,"Sustainable Finance, Engagement Analysis"
410,413359,done,Dimensional Fund Advisors,,,,,,,,,,,http://influencemap.org/company/Dimensional-Fund-Advisors-146a5176f14ca3df3134f9c7cdebaae1,Sustainable Finance
411,413438,done,Schroders,https://www.schroders.com/en/insights/rss/,,,,,,,div,id,mainBody,http://influencemap.org/company/Schroder-Investment-Management-a8ffda8f564506f44a90a9eb6ea19e12,Sustainable Finance
412,413517,done,APG,,,,,,,,,,,http://influencemap.org/company/APG-f5cad2a714a5b8ca0d52b8cd86ee444f,Sustainable Finance
413,413596,done,Groupe BPCE,,,,,,,,,,,http://influencemap.org/company/Groupe-BPCE-667265f63603956936204317098c93f8,"Sustainable Finance, Engagement Analysis"
414,413675,done,Barclays,,,,,,,,,,,http://influencemap.org/company/Barclays-9a579a217972c79cd6a1201abe134c5a,"Sustainable Finance, Finance and Climate, Engagement Analysis"
415,413754,done,Credit Suisse,,,,,,,,,,,http://influencemap.org/company/Credit-Suisse-a8bf7586cf86974670402ba55b0af166,"Sustainable Finance, Engagement Analysis"
416,413833,done,Standard Chartered,,,,,,,,,,,http://influencemap.org/company/Standard-Chartered-a58045af4e05d6f801c40277a8f70389,Sustainable Finance
417,413912,done,Rabobank,,,,,,,,,,,http://influencemap.org/company/Co-peratieve-Rabobank-809cc99146b0580ecd63bf677b9747f3,Sustainable Finance
418,413991,done,Nordea,,,,,,,,,,,http://influencemap.org/company/Nordea-Bank-22b3f7aefd6557d1befab6d267721ad2,"Sustainable Finance, Engagement Analysis"
419,414070,done,Crédit Mutuel,,,,,,,,,,,http://influencemap.org/company/Cr-dit-Mutuel-2ee23af72fd55b3d170c0b7dc0b06282,Sustainable Finance
420,414150,done,Commerzbank,,,,,,,,,,,http://influencemap.org/company/Commerzbank-61c6c32db919a96cfdf6a4676aebcc46,Sustainable Finance
421,414229,done,CaixaBank,,,,,,,,,,,http://influencemap.org/company/CaixaBank-a1bfd251f134a77c3fa6dac63ef4bb05,Sustainable Finance
422,414308,done,ABN AMRO,,,,,,,,,,,http://influencemap.org/company/ABN-AMRO-0b4613563d0924bc0c90f3d03ce12819,Sustainable Finance
423,414387,done,Danske Bank,,,,,,,,,,,http://influencemap.org/company/Danske-Bank-139f3e95abe2d87210cceaea01963ca8,Sustainable Finance
424,414467,done,KBC Group,,,,,,,,,,,http://influencemap.org/company/KBC-Group-6df6c441b284888ea223d83da16fe800,Sustainable Finance
425,414546,done,Talanx,,,,,,,,,,,http://influencemap.org/company/Talanx-775c2edbe02a31d467af098744845156,Sustainable Finance
426,414625,done,CNP Assurances,,,,,,,,,,,http://influencemap.org/company/CNP-Assurances-ad18696e8deb6a72a3f82126e4649705,Sustainable Finance
427,414704,done,MAPFRE,,,,,,,,,,,http://influencemap.org/company/MAPFRE-25940a0318c1619dcb68ae100fb2659d,Sustainable Finance
428,414783,done,Hermes Investment Management,,,,,,,,,,,http://influencemap.org/company/Hermes-Investment-Management-439c8985c7b9569b51e68ee00368351b,"Sustainable Finance, Engagement Analysis"
429,414862,done,Sarasin & Partners,,,,,,,,,,,http://influencemap.org/company/Sarasin-Partners-0e85cdc208143d8cb59afb22ce96f328,"Sustainable Finance, Engagement Analysis, Engagement Analysis"
430,414941,done,Zevin Asset Management,,,,,,,,,,,http://influencemap.org/company/Zevin-Asset-Management-4a32e5316427373848cbe8683531a050,"Sustainable Finance, Engagement Analysis"
431,415020,done,Boston Trust Walden,,,,,,,,,,,http://influencemap.org/company/Walden-Asset-Management-15f756daaf86deae97af6edf0bfb815a,"Sustainable Finance, Engagement Analysis"
432,415099,done,Jupiter Fund Management,,,,,,,,,,,http://influencemap.org/company/Jupiter-Fund-Management-25ad51f70af4438ee446be37256aa782,Sustainable Finance
433,415178,done,Trillium Asset Management,,,,,,,,,,,http://influencemap.org/company/Trillium-Asset-Management-7b76d32a75fb8a024b739416b8b89aa9,"Sustainable Finance, Engagement Analysis"
434,418924,done,Polish Oil and Gas Company (PGNiG),https://en.pgnig.pl/news/-/journal/rss/2524914?doAsGroupId=1910852&refererPlid=10187&controlPanelCategory=current_site.content&_15_groupId=1910852,,,,,,,div,class,journal-content-article,http://influencemap.org/company/Polish-Oil-and-Gas-Company-PGNiG-d64fff92b5d54c4ac3faf1ae85f6d10a,Sustainable Finance
435,419936,done,Kinder Morgan,https://ir.kindermorgan.com/rss/PressRelease.aspx?LanguageId=1&CategoryWorkflowId=1cb807d2-208f-4bc3-9133-6a9ad45ac3b0&tags=,,,,,,,div,class,pane pane--content,http://influencemap.org/company/Kinder-Morgan-9471da944be60e45737f1eb71d7c67a1,Climate Change
436,420644,done,Capital Group,,,,,,,,,,,http://influencemap.org/company/Capital-Group-c0fd72eaa9d64634ac96c3878b72fcbc,Engagement Analysis
437,420906,done,3M,https://investors.3m.com/rss/pressrelease.aspx,,,,,,,div,class,module_body,http://influencemap.org/company/3M-f13dc7e1fa147cdac051b14f3ebbbc24,Climate Change
438,421012,done,Abbott Laboratories,https://abbott.mediaroom.com/press-releases?pagetemplate=rss,,,,,,,div,class,wd_body wd_news_body,http://influencemap.org/company/Abbott-Laboratories-ffe13ee5bf094ccbb4129be341e052b8,Climate Change
439,421118,done,Abbvie Inc,https://news.abbvie.com/rss.cfm?feed_id=1,,,,,,,div,class,row pr_article_body,http://influencemap.org/company/Abbvie-Inc-13dc512cd26716a52566c0b4bde14514,Climate Change
440,421224,done,Accenture,https://newsroom.accenture.com/news/rss.xml,,,,,,,div,id,tek-wrap-centerwell,http://influencemap.org/company/Accenture-b9eb227c52a1336fc39d13e0760e4891,Climate Change
441,421330,done,Adobe,https://news.adobe.com/rss/PressRelease.aspx,,,,,,,div,class,module_body,http://influencemap.org/company/Adobe-8f5e67e0f1e6c0eb565eab3d5a763503,Climate Change
442,421436,done,Allergan,,,,,,,,,,,http://influencemap.org/company/Allergan-b258cbc99fa26025d8e6473b7b3bb904,Climate Change
443,421542,done,Allstate Corporation,,,,,,,,,,,http://influencemap.org/company/Allstate-Corporation-bb05725b8cfc52083d8326fed6c42655,Climate Change
444,421648,done,Altria Group,http://platform.mi.spglobal.com/irweblinkx/rss/prfeed.aspx?iid=4087349,,,,,,,div,id,content,http://influencemap.org/company/Altria-Group-a3c4a4a8fffdce52753db183574e8b6d,Climate Change
445,421754,done,American Express,,,,,,,,,,,http://influencemap.org/company/American-Express-341cffe54f036b4593254bc464038912,Climate Change
446,421860,done,American International Group,,,,,,,,,,,http://influencemap.org/company/American-International-Group-70d119c587c723e2137d48ca1947fdf8,Climate Change
447,421966,done,Bank Of America,http://investor.bankofamerica.com/rss/news-releases.xml?items=15,,,,,,,div,class,node__content,http://influencemap.org/company/Bank-Of-America-bf1bc73d9bf51fc904365193669853c9,"Climate Change, Finance and Climate, Engagement Analysis, Sustainable Finance"
448,422072,done,Biogen,,,,,,,,,,,http://influencemap.org/company/Biogen-96230c40c27b89f2dbf1ef8fda73690a,Climate Change
449,422178,done,Booking Holdings,https://ir.bookingholdings.com/rss/news-releases.xml,,,,,,,div,class,node__content,http://influencemap.org/company/Booking-Holdings-55700f07364c4ee0fac7000b846d2cf6,Climate Change
450,422284,done,Bristol Myers Squibb,https://news.bms.com/rss/pressrelease.aspx,,,,,,,div,class,module_container module_container--content,http://influencemap.org/company/Bristol-Myers-Squibb-11d1afe99f676f1f93f2ac8aa87b481a,Climate Change
451,422390,done,Capital One Financial,https://ir-capitalone.gcs-web.com/rss/news-releases.xml,,,,,,,div,class,node__content,http://influencemap.org/company/Capital-One-Financial-c6016889a0dc9aa62ef291ccefb5bd58,Climate Change
452,422496,done,Celgene Corp,,,,,,,,,,,http://influencemap.org/company/Celgene-Corp-3192d64f4c4f7a9252e1fc40807233d5,Climate Change
453,422602,done,Charter Communications,https://investor.spectrumbrands.com/rss/news-releases.xml,,,,,,,div,class,node__content,http://influencemap.org/company/Charter-Communications-300817b3ccdcadb95728c6f3394a1b99,Climate Change
454,422708,done,Citigroup,https://www.citigroup.com/citi/news/xml/news_rss.xml,,,,,,,div,class,press-content text-container,http://influencemap.org/company/Citigroup-ab9e337a1a987ccfe3685f410327918e,"Climate Change, Finance and Climate, Engagement Analysis"
455,422814,done,Costco,https://investor.costco.com/rss/news-releases.xml,,,,,,,div,class,node__content,http://influencemap.org/company/Costco-3ef11be7812872e1dd660fc144caf924,Climate Change
456,422920,done,Danaher,http://investors.danaher.com/press-releases?pagetemplate=rss,,,,,,,div,id,wd_printable_content,http://influencemap.org/company/Danaher-1458badeb29b81d88effbf42a21cf8a4,Climate Change
457,423026,done,Eli Lilly,https://investor.lilly.com/rss/news-releases.xml,,,,,,,div,class,node__content,http://influencemap.org/company/Eli-Lilly-973d12880697f787a1e07ef73c578876,Climate Change
458,423132,done,Emerson Electric,,,,,,,,,,,http://influencemap.org/company/Emerson-Electric-179421f21c34e1679173edb3abfdb7f1,Climate Change
459,423238,done,Fedex,,,,,,,,,,,http://influencemap.org/company/Fedex-54811ef5232e63c0052e529fec3e8adf,Climate Change
460,423344,done,General Dynamics,https://investorrelations.gd.com/rss/pressrelease.aspx,,,,,,,div,class,module_body,http://influencemap.org/company/General-Dynamics-8c5ad5aaf99552e781a65bed6dea389e,Climate Change
461,423450,done,Gilead Sciences,,,,,,,,,,,http://influencemap.org/company/Gilead-Sciences-96cd552f9c7018d79516eb2657f9a3d0,Climate Change
462,423556,done,Kraft Heinz,http://ir.kraftheinzcompany.com/rss/news-releases.xml,,,,,,,div,class,node__content,http://influencemap.org/company/Kraft-Heinz-2acfa52ee3fce60aa3fabb0e8370faf7,Climate Change
463,423662,done,Lowes Companies,,,,,,,,,,,http://influencemap.org/company/Lowes-Companies-d4095d8de30a367bb00956a0323f7af3,Climate Change
464,423768,done,Mastercard,https://newsroom.mastercard.com/feed/,,,,,,,div,id,main-content,http://influencemap.org/company/Mastercard-8f55256c350e4eacad5491bf815891f6,Climate Change
465,423874,done,Mcdonalds,,,,,,,,div,class,article-container__body,http://influencemap.org/company/Mcdonalds-b7327814a74f6355558c8746a1597585,Climate Change
466,423980,done,Medtronic,https://news.medtronic.com/press-releases?pagetemplate=rss,,,,,,,div,class,wd_inner_body,http://influencemap.org/company/Medtronic-a993c3d4c10366b89ff6408700d93bac,Climate Change
467,424086,done,Metlife,https://investor.metlife.com/rss/pressrelease.aspx,,,,,,,div,class,pane pane--content,http://influencemap.org/company/Metlife-c73e1ee8bdc4eedecf6cf9f6357d1581,Climate Change
468,424192,done,Morgan Stanley,https://www.morganstanley.com/press-releases.msfeed.xml,,,,,,,div,class,body,http://influencemap.org/company/Morgan-Stanley-519c02772a41f1416c348fc8f654109e,"Climate Change, Engagement Analysis, Sustainable Finance, Finance and Climate"
469,424298,done,Netflix,https://www.netflixinvestor.com/rss/pressrelease.aspx,,,,,,,div,class,pane pane--content,http://influencemap.org/company/Netflix-6c95e6a96a9797be4e8390e4e00787bd,Climate Change
470,424404,done,Nike Inc,https://investors.nike.com/rss/pressrelease.aspx,,,,,,,div,class,ModuleBody,http://influencemap.org/company/Nike-Inc-48d014b2c52802205b80df3a852dac39,Climate Change
471,424510,done,Nvidia,https://nvidianews.nvidia.com/releases.xml,,,,,,,div,class,article,http://influencemap.org/company/Nvidia-7d8870752186edf6f1e1aa60ba302626,Climate Change
472,424616,done,Paypal Holdings,https://newsroom.paypal-corp.com/news?pagetemplate=rss,,,,,,,div,id,wd_printable_content,http://influencemap.org/company/Paypal-Holdings-3573a7987b736f135f198de25de4a02b,Climate Change
473,424722,done,Raytheon,http://investor.raytheon.com/rss/news-releases.xml,,,,,,,div,class,node__content xn-content,http://influencemap.org/company/Raytheon-a3383e72bae3a1af2c1314b083c74142,Climate Change
474,424828,done,Simon Property Group,https://investors.simon.com/rss/news-releases.xml,,,,,,,div,class,ir-content,http://influencemap.org/company/Simon-Property-Group-35a55cb2cbd4470c84174cd034b5e815,Climate Change
475,424934,done,Starbucks,https://investor.starbucks.com/rss/pressrelease.aspx,,,,,,,div,class,module_body,http://influencemap.org/company/Starbucks-72f90412951239598ef22e1f4440170a,Climate Change
476,425040,done,Target,https://corporate.target.com/article/all/feed,,,,,,,article,class,article--primary-content,http://influencemap.org/company/Target-f7382a043f80e9db23ed15a26ec03e85,Climate Change
477,425146,done,Texas Instruments,https://news.ti.com/feeds/news-releases.xml,,,,,,,div,id,content-details,http://influencemap.org/company/Texas-Instrument-07effd7a6d0ca5fe21f613e78f06a61f,Climate Change
478,425252,done,Union Pacific,https://www.uprr.com/ucm/rss/jas/media/rss.xml,,,,,,,div,class,main-content,http://influencemap.org/company/Union-Pacific-da4a891a3303f7f3afefddb3a52594e6,Climate Change
479,425358,done,U.S. Bancorp,,,,,,,,,,,http://influencemap.org/company/U-S-Bancorp-1b7ca45063eb59b4a9b0321421963486,Climate Change
480,425464,done,Visa,https://investor.visa.com/rss/PressRelease.aspx?LanguageId=1&CategoryWorkflowId=00000000-0000-0000-0000-000000000000&tags=,,,,,,,div,class,ModuleBody,http://influencemap.org/company/Visa-561c3df01fd7af4b911cf558479a88a5,Climate Change
481,425570,done,Wells Fargo,,,,,,,,,,,http://influencemap.org/company/Wells-Fargo-edfc446a82c92d23f50913205d8ea1c4,"Climate Change, Finance and Climate, Engagement Analysis"
482,425902,done,Fidelity Investments,,,,,,,,,,,http://influencemap.org/company/Fidelity-Investments-865b2627dda3c46554522c526c1efc32,Engagement Analysis
483,428474,done,Uber,https://investor.uber.com/rss/PressRelease.aspx,,,,,,,div,class,module_body,http://influencemap.org/company/Uber-f732b31995a868ba49834d9838e84617,Climate Change
484,429517,done,TD Bank,,,,,,,,,,,http://influencemap.org/company/TD-Bank-e2414a01bd4ec6a6432e10cdc65e1ebc,"Engagement Analysis, Finance and Climate"
485,430418,done,"Skanska (Ignore, please delete)",,,,,,,,,,,http://influencemap.org/company/Skanska-41aea1161efbdabec35db69f9cf7d9c9,
486,433845,done,,,,,,,,,,,,http://influencemap.org/company/-b33aaa6282ae253d2877f8daa67f2613,
487,433846,done,Pimco,,,,,,,,,,,http://influencemap.org/company/Pimco-014fdb2ad555c8dd667ea76aeaa913f0,Engagement Analysis
488,435020,done,Uniper,,,,,,,,,,,http://influencemap.org/company/Uniper-a4b162b6a6f7212c015efb8988fb8631,Climate Change
489,439754,done,Boral Limited,,,,,,,,,,,http://influencemap.org/company/Boral-Limited-81988f5e6ed056b8ea6fdfd6b37f0737,Climate Change
490,446862,done,Peabody,,,,,,,,,,,http://influencemap.org/company/Peabody-13f510ad2a3cef2fa396450deec8ea89,Climate Change
491,447042,done,Legg Mason,,,,,,,,,,,http://influencemap.org/company/Legg-Mason-58f7f94a49e09613323113fea79fdd4c,"Sustainable Finance, Engagement Analysis"
492,447121,done,Ameriprise Financial,,,,,,,,,,,http://influencemap.org/company/Ameriprise-Financial-1cf033efe63eec5cb87e93681edfd264,Sustainable Finance
493,447200,done,DZ Bank,,,,,,,,,,,http://influencemap.org/company/DZ-Bank-49f8997405b735c73bec235195cfb8d9,Sustainable Finance
494,447279,done,Aegon,,,,,,,,,,,http://influencemap.org/company/Aegon-4c45a23a3b349693b873d1f9509accda,Sustainable Finance
495,447358,done,Munich Re,,,,,,,,,,,http://influencemap.org/company/Munich-Re-4ee0148e9e99d126176b00af2398349c,Sustainable Finance
496,447437,done,Phoenix Group,,,,,,,,,,,http://influencemap.org/company/Phoenix-Group-c71e1fdce03f6b99853b28af15feda98,Sustainable Finance
497,447516,done,NN Group,,,,,,,,,,,http://influencemap.org/company/NN-Group-cbffd5d551430fa21b121e738a46b2dc,Sustainable Finance
498,447595,done,Swiss Life,,,,,,,,,,,http://influencemap.org/company/Swiss-Life-5060d56b93b308d5a629689e691669f3,Sustainable Finance
499,447674,done,Swiss Re,,,,,,,,,,,http://influencemap.org/company/Swiss-Re-37a0a5aebb6782996325bb5ddfb8ef32,Sustainable Finance
500,447753,done,Covea,,,,,,,,,,,http://influencemap.org/company/Covea-b010d08b7701aa123ab2182034e6e796,Sustainable Finance
501,447832,done,Groupama,,,,,,,,,,,http://influencemap.org/company/Groupama-18b8bac738b2040e7a8a8afea9f3fe9d,Sustainable Finance
502,447911,done,Ageas,,,,,,,,,,,http://influencemap.org/company/Ageas-ae1195f60c4ea1440e7fd297cccc71c2,Sustainable Finance
503,447990,done,Achmea,,,,,,,,,,,http://influencemap.org/company/Achmea-a3ff9a276c1d9d91ecf0c525d680b2c6,Sustainable Finance
504,448069,done,Unipol,,,,,,,,,,,http://influencemap.org/company/Unipol-a85c86ba898138370f9fc29831154dcf,Sustainable Finance
505,448148,done,PZU,,,,,,,,,,,http://influencemap.org/company/PZU-5ff63c152ef23105f76971db7402b7da,Sustainable Finance
506,448287,done,Baloise,,,,,,,,,,,http://influencemap.org/company/Baloise-c092050e18a1b9beeed75ab360ca7451,Sustainable Finance
507,448425,done,KLP,,,,,,,,,,,http://influencemap.org/company/KLP-939e6857c6ec82f89406f1b9d50022c9,Sustainable Finance
508,450482,done,Wellington Management,,,,,,,,,,,http://influencemap.org/company/Wellington-Management-844263b61c0deb6205f0fb5a8a0f6cf4,Engagement Analysis
509,451200,done,M&G,,,,,,,,,,,http://influencemap.org/company/M-G-58e4e1d0db35a079bf4bb2c5600a542a,Engagement Analysis
510,451762,done,Mirova,,,,,,,,,,,http://influencemap.org/company/Mirova-95cd14a0e0b736b82959030a74874a15,Engagement Analysis
511,452216,done,DNCA Investments,,,,,,,,,,,http://influencemap.org/company/DNCA-Investments-c6806b656623c2d9477c0d5352aacfc7,Engagement Analysis
512,452537,,Ostrum Asset Management,,,,,,,,,,,http://influencemap.org/company/Ostrum-Asset-Management-dfde6d25c9b763b523a2617b8fd4e737,Engagement Analysis
513,452736,,"Loomis, Sayles & Company",,,,,,,,,,,http://influencemap.org/company/Loomis-Sayles-Company-f1bd7dd897b01157d5f6e7661e00723b,Engagement Analysis
514,453453,,Sumitomo Mitsui Trust Holdings,,,,,,,,,,,http://influencemap.org/company/Sumitomo-Mitsui-Trust-Holdings-25959bc8e0556c1113eb27170a243fa4,Engagement Analysis
515,453710,,Nikko Asset Management,,,,,,,,,,,http://influencemap.org/company/Nikko-Asset-Management-bf8d31d2094d324e37929ba390371c51,Engagement Analysis
516,453968,,Lazard,,,,,,,,,,,http://influencemap.org/company/Lazard-87ccc7bb2a4d1ab1023abfa502e915d6,Engagement Analysis
517,485534,,Royal Bank of Canada,,,,,,,,,,,http://influencemap.org/company/Royal-Bank-of-Canada-dfb27dd0f3686f6495648cdb5c8f1538,"Engagement Analysis, Finance and Climate"
518,487442,,Triodos Bank,,,,,,,,,,,http://influencemap.org/company/Triodos-Bank-05f8d711e1240dee8b125849389d78d5,Sustainable Finance
519,487658,,DTE Energy,,,,,,,,,,,http://influencemap.org/company/DTE-Energy-f92d95366c33cb7d151054ec13019d8b,Climate Change
520,498455,,Sun Life Financial,,,,,,,,,,,http://influencemap.org/company/Sun-Life-Financial-a5d0063e7b870bf104dcc5d93065d52a,
521,498457,,AMG,,,,,,,,,,,http://influencemap.org/company/AMG-8006649b07ec37f27ae75c3de53d3141,Engagement Analysis
522,504507,,Eversource Energy,,,,,,,,,,,http://influencemap.org/company/Eversource-Energy-2487ac1e883432e90d110f71098df9a0,Climate Change
523,504605,,FirstEnergy Corp,,,,,,,,,,,http://influencemap.org/company/FirstEnergy-Corp-d57029fba295e3c278b7176914980a10,Climate Change
524,504703,,Entergy Corp,,,,,,,,,,,http://influencemap.org/company/Entergy-Corp-7de378e73a5cca00a0d3faa173766b7d,Climate Change
525,504801,,WEC Energy Group Inc,,,,,,,,,,,http://influencemap.org/company/WEC-Energy-Group-Inc-ba7ae7a1bbf87e08cce4e074235eaf2d,Climate Change
526,504899,,CMS Energy Corp,,,,,,,,,,,http://influencemap.org/company/CMS-Energy-Corp-edf475df92860580476cec7f0151eeea,Climate Change
527,504997,,Avangrid Inc,,,,,,,,,,,http://influencemap.org/company/Avangrid-Inc-ff086ef6f0a9bdab9587937261d5db14,Climate Change
528,505095,,Ameren Corp,,,,,,,,,,,http://influencemap.org/company/Ameren-Corp-e342401ec5c8ed00dfeda0598bce9e83,Climate Change
529,505193,,NiSource Inc,,,,,,,,,,,http://influencemap.org/company/NiSource-Inc-1585ca4e31a6e82cada55ab7a84a73da,Climate Change
530,505291,,Alliant Energy Corp,,,,,,,,,,,http://influencemap.org/company/Alliant-Energy-Corp-d5c92e2e7c1b06c57eff3012eeaf5e74,Climate Change
531,505389,,Pinnacle West Capital Corp,,,,,,,,,,,http://influencemap.org/company/Pinnacle-West-Capital-Corp-2196fd4e854cac448ac6711e4f78f712,Climate Change
532,505487,,Atmos Energy Corp,,,,,,,,,,,http://influencemap.org/company/Atmos-Energy-Corp-2c9f2a42e4b743841e663e7c0972d57b,Climate Change
533,505585,,Hawaiian Electric Industries Inc,,,,,,,,,,,http://influencemap.org/company/Hawaiian-Electric-Industries-Inc-9bb3c38ec25be814e845f315f530545d,Climate Change
534,505683,,New Jersey Resources Corp,,,,,,,,,,,http://influencemap.org/company/New-Jersey-Resources-Corp-8e677d3fbf5acfd8a40d46967478e579,Climate Change
535,505781,,OGE Energy Corp,,,,,,,,,,,http://influencemap.org/company/OGE-Energy-Corp-9f4477fdf2024102d697f94adcdfe2fe,Climate Change
536,505879,,Portland General Electric Co,,,,,,,,,,,http://influencemap.org/company/Portland-General-Electric-Co-c59173f5a13b65d3186b626d28bd805e,Climate Change
537,505977,,Spire Inc,,,,,,,,,,,http://influencemap.org/company/Spire-Inc-7c9ebe680eb5fb54e235e27614063012,Climate Change
538,506075,,Black Hills Corp,,,,,,,,,,,http://influencemap.org/company/Black-Hills-Corp-d89c92bf9727b12d277925b310ae6532,Climate Change
539,506173,,National Fuel Gas Co,,,,,,,,,,,http://influencemap.org/company/National-Fuel-Gas-Co-4fddb8c2a5d053cbc92d1c14a45d5ef0,Climate Change
540,506272,,ONE Gas Inc,,,,,,,,,,,http://influencemap.org/company/ONE-Gas-Inc-b85cf4a222b9daa41e51b8a8bdbbf9b6,Climate Change
541,506370,,South Jersey Industries Inc,,,,,,,,,,,http://influencemap.org/company/South-Jersey-Industries-Inc-e9bb55f0e3d4d1ddda52fd01498784d1,Climate Change
542,506468,,PNM Resources Inc,,,,,,,,,,,http://influencemap.org/company/PNM-Resources-Inc-afb69fea4e7ecbc4bb4329167ba3d265,Climate Change
543,506566,,Idacorp Inc,,,,,,,,,,,http://influencemap.org/company/Idacorp-Inc-14a6fe2cb9cdf6db04aec003a78fa9fe,Climate Change
544,506664,,Avista Corp,,,,,,,,,,,http://influencemap.org/company/Avista-Corp-ea86c6e238c7e8ecb98925b6fe21ac75,Climate Change
545,506762,,NorthWestern Corp,,,,,,,,,,,http://influencemap.org/company/NorthWestern-Corp-1c209fbf7d05936f9b6a8aa0122832d6,Climate Change
546,506860,,ALLETE Inc,,,,,,,,,,,http://influencemap.org/company/ALLETE-Inc-e7616073741574e66bea41a4703249f1,Climate Change
547,506958,,Otter Tail Corp,,,,,,,,,,,http://influencemap.org/company/Otter-Tail-Corp-6aff8e642ad8018c7efd33d9aaf91aa2,Climate Change
548,507056,,Northwest Natural Holding Co,,,,,,,,,,,http://influencemap.org/company/Northwest-Natural-Holding-Co-3bb1f26b43496c336afff57e34bf3a77,Climate Change
549,507154,,Ormat Technologies Inc,,,,,,,,,,,http://influencemap.org/company/Ormat-Technologies-Inc-d667af249e57f0f1224cf3026052017b,Climate Change
550,507252,,Chesapeake Utilities Corp,,,,,,,,,,,http://influencemap.org/company/Chesapeake-Utilities-Corp-12ce6a6466a3e53076717d3352487bdd,Climate Change
551,507350,,American States Water Co,,,,,,,,,,,http://influencemap.org/company/American-States-Water-Co-d7054d7c76858575cc2a87dd43a3b0c8,Climate Change
552,510957,,Yancoal,,,,,,,,,,,http://influencemap.org/company/Yancoal-d9c1938ab0e145f6422c98a967c708a6,Climate Change
553,511055,,Whitehaven Coal,,,,,,,,,,,http://influencemap.org/company/Whitehaven-Coal-c96165d82ad5f797b6120ee6b74b67af,Climate Change
554,534274,,Amplus Solar,,,,,,,,,,,http://influencemap.org/company/Amplus-Solar-8db5deeb996ed58b268d23bcd65d8e76,Climate Change
555,534372,,Hero Foundation Energies,,,,,,,,,,,http://influencemap.org/company/Hero-Foundation-Energies-0d934ce2d5b033bcaf09d6689b5e39f5,Climate Change
556,535156,,Viva Energy,,,,,,,,,,,http://influencemap.org/company/Viva-Energy-faad702ce32402fe2fdfa70522e4859b,Climate Change
557,536038,,Storebrand Asset Management,,,,,,,,,,,http://influencemap.org/company/Storebrand-Asset-Management-16252c84f30f7c8d3ea1985b997e2eaf,Climate Change
558,536136,,Gjensidige,,,,,,,,,,,http://influencemap.org/company/Gjensidige-a63e05b18cbae1193e4111719b66e930,Climate Change
559,536234,,Sparebank 1 Forsikring,,,,,,,,,,,http://influencemap.org/company/Sparebank-1-Forsikring-bfe81cbe1f2f51b860ff26fd3fa956b6,Climate Change
560,536332,,MP Pension,,,,,,,,,,,http://influencemap.org/company/MP-Pension-269aa03e6a4a9a42590ee998a73db04b,Climate Change
561,536430,,Pax World Funds,,,,,,,,,,,http://influencemap.org/company/Pax-World-Funds-1ebc76b56746f1c4e1e46f960e2bc85a,Climate Change
562,536528,,Fram Capital,,,,,,,,,,,http://influencemap.org/company/Fram-Capital-964805f020bd99f956ff06cd719716ef,Climate Change
563,536626,,AP Pension,,,,,,,,,,,http://influencemap.org/company/AP-Pension-0986d6d58eb798c7c80f0f1335c9d5e8,Climate Change
564,536724,,SEB Investment Management,,,,,,,,,,,http://influencemap.org/company/SEB-Investment-Management-fb74739df823e5e96a4fbc63fc485912,Climate Change
565,536822,,AP2 Second Swedish National Pension Fund,,,,,,,,,,,http://influencemap.org/company/AP2-Second-Swedish-National-Pension-Fund-27b27db4113c858c2cfbd7b4ebc1fef6,Climate Change
566,536920,,AP4 Fourth Swedish National Pension Fund,,,,,,,,,,,http://influencemap.org/company/AP4-Fourth-Swedish-National-Pension-Fund-65e238ef8fbbf14bcd7854168081c02f,Climate Change
567,537018,,Handelsbanken Asset Management,,,,,,,,,,,http://influencemap.org/company/Handelsbanken-Asset-Management-9fc679b560c25f2eeb593fc564f36d55,Climate Change
568,537116,,Robeco,,,,,,,,,,,http://influencemap.org/company/Robeco-b3c695784eefa32320a75ee01d6c6332,Climate Change
569,537214,,Actiam,,,,,,,,,,,http://influencemap.org/company/Actiam-0e3c547723568ffde9b4de904aeeccd0,Climate Change
570,537371,,Asr,,,,,,,,,,,http://influencemap.org/company/Asr-f55110547e4ba8033a3069c13d591dc9,Climate Change
571,537483,,Church Commissioners for England,,,,,,,,,,,http://influencemap.org/company/Church-Commissioners-for-England-d30bf55f6b4a621c27c6b8855d8fc62c,Climate Change
572,537581,,LGPS Central,,,,,,,,,,,http://influencemap.org/company/LGPS-Central-2dde4cb8f210bfd147770f79cbd082cc,Climate Change
573,537679,,Brunel Pension Partnership,,,,,,,,,,,http://influencemap.org/company/Brunel-Pension-Partnership-44fbf66c86e9053b72fe14ae814d49e1,Climate Change
574,537777,,Border to Coast Pension Partnership,,,,,,,,,,,http://influencemap.org/company/Border-to-Coast-Pension-Partnership-bbaba417ebcfe57aebfc27e7eb42a098,Climate Change
575,537875,,Bluebay Asset Management,,,,,,,,,,,http://influencemap.org/company/Bluebay-Asset-Management-c864b265c2620928fceebbeb648a4934,Climate Change
576,537973,,Surrey Pension Fund,,,,,,,,,,,http://influencemap.org/company/Surrey-Pension-Fund-a3d9fbf27b8cf31b8742906c31092470,Climate Change
577,538071,,Northern LGPS,,,,,,,,,,,http://influencemap.org/company/Northern-LGPS-23723ec405f8c1828c673e06ae57b65a,Climate Change
578,538169,,Comgest,,,,,,,,,,,http://influencemap.org/company/Comgest-1849f4c798c56d58578d40d248d9c202,Climate Change
579,538267,,Indep'AM,,,,,,,,,,,http://influencemap.org/company/Indep-AM-c9975ab39f21c02547cb8110bf2460ee,Climate Change
580,538365,,Domini Impact Investment,,,,,,,,,,,http://influencemap.org/company/Domini-Impact-Investment-5e0d61dbccd35f45025990fbbfce3fdf,Climate Change
581,544141,,Safran Group,,,,,,,,,,,http://influencemap.org/company/Safran-S-A-854cd026c34c7823832aac8f59f14fbd,Climate Change
582,545495,,Woolworths Group,,,,,,,,,,,http://influencemap.org/company/WOOLWORTHS-GROUP-e84c9321e7d2311e0c40ecf22a642012,Climate Change
583,545593,,Alcoa,,,,,,,,,,,http://influencemap.org/company/ALCOA-602fa4b8a2097b3d2e94030125f001c3,Climate Change
584,545691,,National Australia Bank,,,,,,,,,,,http://influencemap.org/company/NATIONAL-AUSTRALIA-BANK-50a65f07a5e46dc38be998d7ab4dc5fe,Climate Change
585,545789,,Commonwealth Bank of Australia,,,,,,,,,,,http://influencemap.org/company/COMMONWEALTH-BANK-OF-AUSTRALIA-a565e6ea7121f03fa8cdb2932501bdb9,"Climate Change, Finance and Climate"
586,545887,,Westpac Banking Corporation,,,,,,,,,,,http://influencemap.org/company/WESTPAC-BANKING-CORPORATION-b0c9e381b049e25753c40cbb9e1148b2,Climate Change
587,545985,,Coles Group,,,,,,,,,,,http://influencemap.org/company/COLES-GROUP-ec3f05673c1a195d7ff15b1a6eb726af,Climate Change
588,546083,,Bluescope Steel,,,,,,,,,,,http://influencemap.org/company/BLUESCOPE-STEEL-7b39cf0e549f4c9835f15543ebdc8b95,Climate Change
589,546181,,Qantas Airways,,,,,,,,,,,http://influencemap.org/company/QANTAS-AIRWAYS-5b39cefc74e3c8c6349ba2fb86996177,Climate Change
590,546279,,Australia and New Zealand Banking Group,,,,,,,,,,,http://influencemap.org/company/AUSTRALIA-AND-NEW-ZEALAND-BANKING-GROUP-c6ea131917ca709d5610685ac7794bd6,Climate Change
591,546377,,Sunset Power International,,,,,,,,,,,http://influencemap.org/company/SUNSET-POWER-INTERNATIONAL-ce9c9ad1d865f4600877e1f9809a0a7c,Climate Change
592,546475,,AMP,,,,,,,,,,,http://influencemap.org/company/AMP-f756217e8690132a1fcd9c52cc851ff3,Climate Change
593,546573,,Telstra,,,,,,,,,,,http://influencemap.org/company/TELSTRA-862779ee786d0b73ccb34200b4b7b59f,Climate Change
594,546671,,Ampol Limited (formerly Caltex Australia),,,,,,,,,,,http://influencemap.org/company/CALTEX-AUSTRALIA-AMPOL-b8ae92389c429554a512b98fd8ea241d,Climate Change
595,546867,,Virgin Australia,,,,,,,,,,,http://influencemap.org/company/VIRGIN-AUSTRALIA-1afea763378e1a6735024e91037e8b10,Climate Change
596,546965,,Metcash,,,,,,,,,,,http://influencemap.org/company/METCASH-6df7d518d2d33d13e1120fae52916f38,Climate Change
597,547063,,Suncorp,,,,,,,,,,,http://influencemap.org/company/SUNCORP-70446d22395fd3ef22611a59d43eebfc,Climate Change
598,547161,,Insurance Australia Group,,,,,,,,,,,http://influencemap.org/company/INSURANCE-AUSTRALIA-GROUP-0f66a2f6c349fd4d5a2aa0fd99fe0516,Climate Change
599,547259,,Banpu,,,,,,,,,,,http://influencemap.org/company/BANPU-620fb6ee6b249b4135e03d7e1fdfceb7,Climate Change
600,547357,,Fortescue Metals Group,,,,,,,,,,,http://influencemap.org/company/FORTESCUE-METALS-GROUP-334c1781e46efa7a98043326b8c4240f,Climate Change
601,547455,,Adbri (Adelaide Brighton),,,,,,,,,,,http://influencemap.org/company/ADELAIDE-BRIGHTON-7150c6797d2576f7182face305ec7672,Climate Change
602,547554,,Chow Tai Fook Enterprises,,,,,,,,,,,http://influencemap.org/company/CHOW-TAI-FOOK-ENTERPRISES-d5b60d1ce45ba06585c83e3ad1f0deb8,Climate Change
603,547652,,Lendlease,,,,,,,,,,,http://influencemap.org/company/LENDLEASE-adc7564e19215ffd8a34aff363702644,Climate Change
604,550896,,Orica Ltd,,,,,,,,,,,http://influencemap.org/company/Orica-Ltd-c990bcbb69dfdc670e9618bfcb34ee10,Climate Change
605,551869,,Macquarie Group,,,,,,,,,,,http://influencemap.org/company/Macquarie-Group-0924f58b2dc1064ff4fa298c4812a048,Climate Change
606,551967,,Singapore Telecommunications Limited (Singtel),,,,,,,,,,,http://influencemap.org/company/Singapore-Telecommunications-Limited-Singtel-6c3d57a7ddb1893f64036249eccf6b80,Climate Change
607,553558,,Alinta Energy,,,,,,,,,,,http://influencemap.org/company/Alinta-Energy-a6435d23da05ca21e38ae69bdf35bcf5,Climate Change
608,553870,,Mitsubishi Development,,,,,,,,,,,http://influencemap.org/company/MITSUBISHI-DEVELOPMENT-085e9e55d6a39e595d7a3453381bdbbd,Climate Change
609,553968,,Centennial Coal (Banpu),,,,,,,,,,,http://influencemap.org/company/CENTENNIAL-COAL-BANPU-970201c5b55e2f7a787d16da82f9c79a,Climate Change
610,554164,,Alinta Energy,,,,,,,,,,,http://influencemap.org/company/Alinta-Energy-7be9e2c9861e2ff1726815ab0964caf2,Climate Change
611,554360,,MITSUBISHI DEVELOPMENT,,,,,,,,,,,http://influencemap.org/company/MITSUBISHI-DEVELOPMENT-c9d96c2f24daa0fe4a3e49a663897aad,Climate Change
612,554458,,CENTENNIAL COAL (BANPU),,,,,,,,,,,http://influencemap.org/company/CENTENNIAL-COAL-BANPU-be2fcd7341ec5e6e0814b91b117a6b8c,Climate Change
613,556566,,The AES Corporation,,,,,,,,,,,http://influencemap.org/company/The-AES-Corporation-92e960d37ad5057f359e1f8dded8aad0,Climate Change
614,693712,,PING AN INSURANCE GROUP CO OF CHINA LTD,,,,,,,,,,,http://influencemap.org/company/PING-AN-INSURANCE-GROUP-CO-OF-CHINA-LTD-0baf857cae3a092cbf1c6e34475b9eb2,"Finance and Climate, Finance and Climate"
615,693934,,ITAU UNIBANCO HOLDING SA,,,,,,,,,,,http://influencemap.org/company/ITAU-UNIBANCO-HOLDING-SA-8fce9ff4457609de6273977bbcff4ff3,"Finance and Climate, Engagement Analysis"
616,694000,,Bank of Nova Scotia,,,,,,,,,,,http://influencemap.org/company/Bank-of-Nova-Scotia-76ff15cbace9bc6555c69234eddccc3e,"Finance and Climate, Engagement Analysis"
617,694066,,BANCO BRADESCO SA,,,,,,,,,,,http://influencemap.org/company/BANCO-BRADESCO-SA-816de56ac4e9878ddbd608c3cdc0757b,"Finance and Climate, Engagement Analysis"
618,700077,done,American Airlines Group Inc,https://americanairlines.gcs-web.com/rss/news-releases.xml,,,,,,,div,class,node__content,http://influencemap.org/company/American-Airlines-Group-Inc-fe5d4859f8a0fc026a6485b948854f40,Climate Change
619,700175,done,Antam (Aneka Tambang),,,,,,,,,,,http://influencemap.org/company/Antam-Aneka-Tambang-4ed1fabbf3840bde0f018f70794f0800,Climate Change
620,700273,done,Bumi Resources,,,,,,,,,,,http://influencemap.org/company/Bumi-Resources-a579e766b10a3db98e8110c3b28943af,Climate Change
621,700371,done,Bunge Limited,,,,,,,,,,,http://influencemap.org/company/Bunge-Limited-417af98a66919e6ec111ab3f1b1f18f5,Climate Change
622,700469,done,Dangote Cement Plc,,,,,,,,,,,http://influencemap.org/company/Dangote-Cement-Plc-98f5f9dfa68b660197a7eb29d102eca4,Climate Change
623,700567,done,Eskom Holdings Soc Limited,,,,,,,,,,,http://influencemap.org/company/Eskom-Holdings-Soc-Limited-69e35e168f47c1d2605e5302afa94688,Climate Change
624,700665,done,Suzano S.A. (formerly Fibria Celulose S.A.),,,,,,,,,,,http://influencemap.org/company/Suzano-S-A-formerly-Fibria-Celulose-S-A-536b5124f365aef30ed190904d62e3af,Climate Change
625,700763,done,Power Assets Holdings Limited,,,,,,,,,,,http://influencemap.org/company/Power-Assets-Holdings-Limited-185169a89b85b5359b4205f5c26f43fa,Climate Change
626,700861,done,United Airlines Holdings Inc,https://ir.united.com/rss/news-releases.xml,,,,,,,div,class,maincontent,http://influencemap.org/company/United-Airlines-Holdings-Inc-98ba46f89ceadbf78d4d478af68d6af1,Climate Change
627,700959,done,United Tractors,,,,,,,,,,,http://influencemap.org/company/United-Tractors-ee4576f13e532842eb13782d960bfebd,Climate Change
628,701285,done,Weyerhaeuser Company,,,,,,,,,,,http://influencemap.org/company/Weyerhaeuser-Company-b2234ae94e84402b18bb3035be4f9e36,Climate Change
629,704058,done,PEMEX,,,,,,,,,,,http://influencemap.org/company/PEMEX-cabaf5db153ac8f233e76050173ed278,Climate Change
630,704156,done,Grupo Argos,,,,,,,,,,,http://influencemap.org/company/Grupo-Argos-6ab6694db7512fd495a9e5e657e0b3d4,Climate Change
631,704254,done,Grupo Mexico,,,,,,,,,,,http://influencemap.org/company/Grupo-Mexico-81a655bdb755f267fae81a749515509c,Climate Change
632,707524,done,Prudential Financial Inc,https://news.prudential.com/feeds/prudential-featured-stories.xml,,,,,,,div,id,content-details,http://influencemap.org/company/Prudential-Financial-Inc-645b48dcc9514330848ea58757670817,"Finance and Climate, Engagement Analysis, Sustainable Finance"
