Name,url,rss,env,priority,done,ID,no_content,notes
New York Times,nytimes.com,https://rss.nytimes.com/services/xml/rss/nyt/Climate.xml,,,,1,,
Washington Post (Global),washingtonpost.com,http://feeds.washingtonpost.com/rss/world,,,,2,,
The Christian Science Monitor,csmonitor.com,https://rss.csmonitor.com/feeds/environment,,,,3,,
USA Today,usatoday.com,http://rssfeeds.usatoday.com/usatoday-NewsTopStories,,,,4,,
Los Angeles Times,latimes.com,,,,,6,,
Chicago Tribune,chicagotribune.com,https://www.chicagotribune.com/arcio/rss/category/news/breaking/?query=display_date:%5Bnow-2d+TO+now%5D+AND+revision.published:true&sort=display_date:desc#nt=instory-link,,,,9,,
Houston Chronicle,chron.com,https://www.chron.com/rss/feed/News-270.php,,,,10,,
Dallas Morning News,dallasnews.com,,,,,12,,
The Boston Globe ,bostonglobe.com,,,,,15,,
NJ Star Ledger,nj.com,,,,,16,,
The Philadelphia Inquirer & Inquirer.com,inquirer.com,,,,,18,,
Star Tribune,startribune.com,,,,,19,,
The Minneapolis Star Tribune,startribune.com,https://www.startribune.com/local/index.rss2,,,,19,,
Detriot Free Press,freep.com,http://rssfeeds.freep.com/freep/home,,,,21,,
Tampa Bay Times,tampabay.com,,,,,22,,
The Oregonian,oregonlive.com,,,,,23,,
The Sacramento Bee,sacbee.com,,,,,26,,
Miami Herald,miamiherald.com,,,,,28,,
San Jose Mercury News,mercurynews.com,https://www.mercurynews.com/feed/,,,,35,,
South Florida Sun Sentinel,sun-sentinel.com,https://www.sun-sentinel.com/arcio/rss/category/local/?query=display_date:%5Bnow-2d+TO+now%5D+AND+revision.published:true&sort=display_date:desc#nt=instory-link,,,,39,,
Seattle Times,seattletimes.com,,,,,40,,
The Seattle Times,seattletimes.com,,,,,40.1,,
Columbus Dispatch,dispatch.com,,,,,41,,
The Oklahoman,oklahoman.com,,,,,43,,
Pittsburgh Post-Gazette,powersource.post-gazette.com,,,,,45,,
Detroit News,detroitnews.com,http://rssfeeds.detroitnews.com/detroit/home,,,,50,,
Richmond Times,richmond.com,https://richmond.com/search/?f=rss&t=article&c=news&l=50&s=start_time&sd=desc,,,,53,,
The press-Enterprise,pe.com,https://www.pe.com/feed/,,,,63,,
Las Vegas Review - Journal,reviewjournal.com,https://www.reviewjournal.com/feed/,,,,64,,
Washington Times,washingtontimes.com,https://www.washingtontimes.com/rss/headlines/news/,,,,101,,
The Daily Herald (Illinois),dailyherald.com,https://www.dailyherald.com/rss/feed/?feed=news_top5,,,,104,,
,thinkprogress.org,,,,,111,,
Talking Points Memo,talkingpointsmemo.com,https://talkingpointsmemo.com/feed/atom,,,,113,,
DCist,dcist.com,,,,,150,,
CQ & Roll Call,rollcall.com,,,,,215,,
,nationaljournal.com,,,,,290,,
The New Republic,newrepublic.com,,,,,401,,
The American Prospect,prospect.org,https://prospect.org/api/rss/all.rss,,,,419,,
UN Dispatch,undispatch.com,https://www.undispatch.com/feed/,,,,449,,
FactCheck,factcheck.org,https://www.factcheck.org/feed/,,,,798,,
Reuters Breaking News,reuters.com,,,,,1089,,
Reuters,reuters.com,,,,,1089,,
BBC,bbc.co.uk,http://feeds.bbci.co.uk/news/rss.xml?edition=uk,,,,1094,,
CNN,us.cnn.com,http://rss.cnn.com/rss/cnn_topstories.rss,,,,1095,,
NPR,npr.org,https://feeds.npr.org/1001/rss.xml,,,,1096,,
Newsweek,newsweek.com,,,,,1098,,
US News,usnews.com,,,,,1100,,
The New Yorker,newyorker.com,https://www.newyorker.com/feed/everything,,,,1101,,
Forbes,forbes.com,,,,,1104,,
Fortune,fortune.com,,,,,1105,,
Economist (International),economist.com,https://www.economist.com/international/rss.xml,,,,1106,,
Economist (China),economist.com,https://www.economist.com/china/rss.xml,,,,1106.5,,
Economist (Asia),economist.com,https://www.economist.com/asia/rss.xml,,,,1106.6,,
Economist (USA),economist.com,https://www.economist.com/united-states/rss.xml,,,,1106.1,,
Economist (Europe),economist.com,https://www.economist.com/europe/rss.xml,,,,1106.2,,
Economist (Britain),economist.com,https://www.economist.com/britain/rss.xml,,,,1106.3,,
Economist (Science & Tech),economist.com,https://www.economist.com/science-and-technology/rss.xml,,,,1106.4,,
Economist (World),economist.com,https://www.economist.com/the-world-this-week/rss.xml,,,,1106.7,,
The Atlantic,theatlantic.com,,,,,1110,,
Mother Jones,motherjones.com,http://feeds.feedburner.com/motherjones/feed,,,,1112,,
Common Dreams,commondreams.org,https://www.commondreams.org/rss.xml,,,,1133,,
Media Matters for America,mediamatters.org,,,,,1147,,
MSNBC,msnbc.com,,,,,1149,,
Wall Street Journal,wsj.com,,,,,1150.1,,
Wall Street Journal,wsj.com,,,,,1150,,
Associated Press,apnews.com,,,,,1154,,
The Observer,theobserver.com,https://observer.com/feed/,,,,1317,,
Portland Tribune,pamplinmedia.com,https://pamplinmedia.com/component/obrss/portland-tribune,,,,1392,,
The Daily Beast,thedailybeast.com,https://feeds.thedailybeast.com/rss/articles,,,,1707,,
Deutsche Welle,dw.com,https://rss.dw.com/rdf/rss-en-all,,,,1708,,
AFP,afp.com,,,,,1712,,
Bloomberg,bloomberg.com,,,,,1713,,
Daily Mail,dailymail.co.uk,,,,,1747,,
The Daily Telegraph,telegraph.co.uk,,,,,1750,,
CNBC,cnbc.com,https://www.cnbc.com/id/100003114/device/rss/rss.html,,,,1755,,
,salon.com,,,,,1757,,
Brussels Times,brusselstimes.com,,,,,4419,,
Time,time.com,,,,,4419,,
Slate,slate.com,https://slate.com/feeds/all.rss,,,,4425,,
Wired ,wired.com,https://www.wired.com/feed/rss,,,,4434,,
Scientific American,scientificamerican.com,http://rss.sciam.com/ScientificAmerican-Global,,,,4456,,
Out of Eden Walk,nationalgeographic.com/culture/out-of-eden/,,,,,4465,,
Gizmodo,gizmodo.com,https://gizmodo.com/rss,,,,4469,,
Yahoo,news.yahoo.com,https://www.yahoo.com/news/rss,,,,4763,,
Rolling Stone,rollingstone.com,https://www.rollingstone.com/feed/,,,,5521,,
Mashable ,mashable.com,http://feeds.mashable.com/Mashable,,,,5527,,
VTDigger,vtdigger.org,,,,,5533,,
Passive House Building,treehugger.com,,,,,5645,,
Tree Hugger,treehugger.com,,,,,5645,,
HowStuffWorks,howstuffworks.com,https://syndication.howstuffworks.com/rss/HSW,,,,5846,,
El Pais,elpais.com,https://elpais.com/rss/elpais/portada.xml,,,,5869,,
Harvard Business Review,hbr.org,,,,,5893,,
Jezebel,jezebel.com,,,,,6154,,
Buzzfeed,buzzfeed.com,https://www.buzzfeed.com/index.xml,,,,6218,,
Vanity Fair,vanityfair.com,,,,,6363,,
,washingtonexaminer.com,https://www.washingtonexaminer.com/tag/news.rss,,,,6443,,
,abc.net.au,http://www.abc.net.au/news/feed/2942460/rss.xml,,,,6526,,
CBC,cbc.ca,https://www.cbc.ca/cmlink/rss-topstories,,,done,7333,,
The (Colorado Springs) Gazette,gazette.com,https://gazette.com/search/?f=rss&t=article&c=news&l=50&s=start_time&sd=desc,,,done,18179,,
Politico Europe,politico.eu,https://www.politico.eu/feed/,,yes,done,18268,,
Politico Europe (Energy & Climate),politico.eu,https://www.politico.eu/section/energy/feed/,yes,,done,18267,,
Politico (Energy & Climate),politico.com,https://rss.politico.com/energy.xml,yes,,done,18269,,
Politico (Economy),politico.com,https://rss.politico.com/economy.xml,,,done,18270,,
Digital Trends,digitaltrends.com,https://www.digitaltrends.com/feed/,,,done,18380,,
UCSUSA,ucsusa.org,https://ucsusa.org/rss.xml,yes,,done,18641,,
Adweek,adweek.com,https://www.adweek.com/feed/,,,done,18687,,
IEEE Spectrum,spectrum.ieee.org,https://spectrum.ieee.org/rss/fulltext,,,done,19038,,
IEEE Spectrum (Green Tech),spectrum.ieee.org,https://spectrum.ieee.org/rss/green-tech/fulltext,yes,,done,19039,,
IEEE Spectrum (Energy),spectrum.ieee.org,https://spectrum.ieee.org/rss/energy/fulltext,yes,,done,19040,,
The Connecticut Mirror,ctmirror.org,https://ctmirror.org/feed/,,,done,19183,,
The Connecticut Mirror (Environment),ctmirror.org,https://ctmirror.org/all-news/environment/feed/,yes,,done,19184,,
Sydney Morning Herald,smh.com.au,https://www.smh.com.au/rss/feed.xml,,yes,done,19319,,
Sydney Morning Herald (Environment),smh.com.au,https://www.smh.com.au/rss/environment.xml,yes,,done,19320,,
PR Newswire (Environment),prnewswire.com,https://www.prnewswire.com/rss/environment-latest-news/environment-latest-news-list.rss,yes,,done,19672,,
PR Newswire,prnewswire.com,https://www.prnewswire.com/rss/all-news-releases-from-PR-newswire-news.rss,,yes,done,19673,,
Der Spiegel,spiegel.de,https://www.spiegel.de/index.rss,,yes,done,19831,,
Der Spiegel (Environment - German),spiegel.de,https://www.spiegel.de/schlagzeilen/index.rss,yes,,done,19832,,
Der Spiegel (Environment - English),spiegel.de,https://www.spiegel.de/thema/environment_en/index.rss,yes,,done,19833,,
Der Spiegel (Climate crisis),spiegel.de,https://www.spiegel.de/thema/klimawandel/index.rss,yes,,done,19834,,
Taz (Environment),taz.de,https://taz.de/Oeko/Oekologie/!p4624;rss/,yes,,done,20000,,
Taz,taz.de,https://taz.de/!p4608;rss/,,,done,20001,,
"NJ Advance Media, incl. The (New Jersey) Star-Ledger & NJ.com",nj.com,http://rssfeeds.northjersey.com/northjerseyenvironment,yes,,done,20120,,
Variety,variety.com,http://feeds.feedburner.com/variety/headlines,,,done,20982,,
The Weather Channel Digital,weather.com,,,,done,20982,,
The Believer,believermag.com,https://believermag.com/feed/,,,done,21598,,
In These Times,inthesetimes.com,,,,done,21999,,
London Free Press,lfpress.com,https://lfpress.com/feed,,yes,done,22249,,
PR Watch,prwatch.org,https://www.prwatch.org/taxonomy/term/4/all/feed,yes,,done,23022,,
The Center for Public Integrity,publicintegrity.org,https://publicintegrity.org/feed,,,done,24503,,
Politicus USA,politicususa.com,http://www.politicususa.com/feed,,,done,24716,,
Capital ,investopedia.com,https://www.investopedia.com/feedbuilder/feed/getfeed?feedName=rss_articles,,,done,25459,,
The Daily Hampshire Gazette (Massachusetts),gazettenet.com,https://www.gazettenet.com/SpecialPages/RSSHeadlines,,,done,26140,,
Vice,vice.com,https://www.vice.com/en/rss?locale=en_us,,,done,26164,,
The News-Press (Southwest Florida),news-press.com,http://rssfeeds.news-press.com/ftmyers/home,,,done,26301,,
The Australian,theaustralian.com.au,https://www.theaustralian.com.au/feed/,,yes,done,26782,,
KQED,kqed.org,https://ww2.kqed.org/news/feed/,,,done,27302,,
Gotham Gazette,gothamgazette.com,,,,done,28336,,
City Limits,citylimits.org,https://citylimits.org/feed/,,,done,28450,,
The Montgomery Advertiser,montgomeryadvertiser.com,https://rssfeeds.montgomeryadvertiser.com/montgomery/home,,,done,28907,,
Tucson Sentinel (Environment),tucsonsentinel.com,http://www.tucsonsentinel.com/category/rss/environment/,yes,,done,29440,,
Tucson Sentinel,tucsonsentinel.com,http://www.tucsonsentinel.com/site/rss/,,,done,29441,,
Phys.org,phys.org,https://phys.org/rss-feed/earth-news/environment/,yes,,done,29757,,
Salem Statesman Journal,statesmanjournal.com,http://rssfeeds.statesmanjournal.com/salem/home,,,done,30458,,
The Real News Network,therealnews.com,https://therealnews.com/feed?partner-feed=the-real-news-network,,,done,31137,,
Civil Eats,civileats.com,https://civileats.com/category/environment/feed/,yes,,done,31451,https://civileats.com/feed/,
Law 360,law360.com,,,,done,32090,https://www.law360.com/energy/rss,needs login
Greenbiz,greenbiz.com,https://www.greenbiz.com/rss.xml,yes,,done,32411,,
Yale Environment 360,e360.yale.edu,https://e360.yale.edu/feed.xml,yes,,done,32593,,
Environmental Leader,environmentalleader.com,https://www.environmentalleader.com/feed/,yes,,done,32929,,
Food & Environment Reporting Network,thefern.org,https://thefern.org/feed/,,,done,33201,https://thefern.org/feed/,
San Francisco Public Press,sfpublicpress.org,https://www.sfpublicpress.org/feed/,,,done,33451,,
The National Catholic Reporter,ncronline.org,https://www.ncronline.org/rss.xml,,,done,33885,,
High Country News,hcn.org,https://www.hcn.org/rss/most-recent/rss.xml,yes,yes,done,33997,,
Corporate Europe,corporateeurope.org,https://corporateeurope.org/en/rss.xml,yes,,done,34202,,
Clean Technica,cleantechnica.com,https://cleantechnica.com/feed/,yes,,done,34234,,
Ensia,ensia.com,https://ensia.com/feed/,yes,,done,34268,,
Solar Industry Mag,solarindustrymag.com,https://solarindustrymag.com/feed,yes,,done,34683,,
Governors' Wind Energy Coalition,governorswindenergycoalition.org,https://governorswindenergycoalition.org/feed/,yes,,done,34711,,
PV Tech,pv-tech.org,https://www.pv-tech.org/feed/,yes,,done,34712,,
InsideClimate News,insideclimatenews.org,https://insideclimatenews.org/feed/,yes,,done,34754,,
MarketWatch,marketwatch.com,,,,done,35170,,
Die Zeit,zeit.de,https://newsfeed.zeit.de/wissen/umwelt/index,yes,,done,38697,,
De Morgen,demorgen.be,https://newsfeed.zeit.de/wissen/umwelt/index,,,done,38806,,
Trouw,trouw.nl,https://www.trouw.nl/duurzaamheid-natuur/rss.xml,yes,,done,38927,,
Le Monde (Climate),lemonde.fr,https://www.lemonde.fr/climat/rss_full.xml,yes,yes,done,39071,,
Le Monde,lemonde.fr,https://www.lemonde.fr/rss/une.xml,,yes,done,39072,,
Le Figaro,lefigaro.fr,https://www.lefigaro.fr/rss/figaro_actualites.xml,,yes,done,39120,,
Le Figaro (Environment),lefigaro.fr,https://www.lefigaro.fr/rss/figaro_sciences.xml,yes,yes,done,39121,,
Het Nieuwsblad,nieuwsblad.be,https://www.nieuwsblad.be/rss/section/55178e67-15a8-4ddd-a3d8-bfe5708f8932,,,done,39138,,
La Presse (Canada),lapresse.ca,https://www.lapresse.ca/actualites/environnement/rss,yes,,done,39203,,
Argus,theargus.co.uk,https://www.theargus.co.uk/news/rss/,,,done,39292,,
NRC Handelsblad,nrc.nl,https://www.nrc.nl/rss/,,,done,39426,,
De Standard,standaard.be,https://www.standaard.be/rss/section/1f2838d4-99ea-49f0-9102-138784c7ea7c,,,done,39566,,
Il Sole 24 Ore,ilsole24ore.com,https://www.ilsole24ore.com/rss/economia--energia-e-ambiente.xml,yes,,done,39834,,
Frankfurter Rundschau,fr.de,https://www.fr.de/zukunft/rssfeed.rdf,yes,,done,39983,,
Financial Times,ft.com,https://www.fr.de/zukunft/rssfeed.rdf,,yes,done,40401,,
De Tijd,tijd.be,https://www.tijd.be/rss/top_stories.xml,,,done,40416,,
La Stampa,lastampa.it,http://feed.lastampa.it/notizie_principali.rss,,,done,40446,,
Les Echos,lesechos.fr,https://syndication.lesechos.fr/rss/rss_energie-environnement.xml,yes,,done,40476,,
Energie Overheid,rijksoverheid.nl,https://feeds.rijksoverheid.nl/nieuws.rss,,,done,40579,,
Irish Times,irishtimes.com,https://www.irishtimes.com/rss/test-rss-feed-1.4094403,,,done,40918,,
Japan Times,japantimes.co.jp,https://www.japantimes.co.jp/feed/topstories/,,,done,41013,,
European Observer,euobserver.com,https://xml.euobserver.com/rss.xml,,,done,41080,,
The Independent,independent.co.uk,https://www.independent.co.uk/climate-change/rss,yes,yes,done,41150,,
Welt,welt.de,,,,done,41264,,
IPS Inter Press Service,ipsnews.net,http://www.ipsnews.net/feed/,yes,,done,41348,,
De Volkskrant,volkskrant.nl,https://www.volkskrant.nl/wetenschap/rss.xml,,,done,41499,,
Handelsblatt,handelsblatt.com,https://www.handelsblatt.com/contentexport/feed/top-themen,yes,,done,41519,,
El Mundo,elmundo.es,https://e00-elmundo.uecdn.es/rss/ciencia-y-salud/medio-ambiente.xml,yes,,done,41526,,
Repubblica ,repubblica.it,https://www.repubblica.it/rss/scienze/rss2.0.xml,yes,,done,41552,,
La Tribune,latribune.fr,https://www.latribune.fr/feed.xml,,,done,41821,,
Publico,publico.es,https://www.publico.es/rss/,,,done,41843,,
Expansion ,expansion.com,https://e00-expansion.uecdn.es/rss/portada.xml,,,done,41857,,
Korea Times,koreatimes.co.kr,https://www.koreatimes.co.kr/www/rss/rss.xml,,,done,41957,,
finanznachrichten,finanznachrichten.de,https://www.finanznachrichten.de/rss-aktien-nachrichten/,,,done,42022,,
La Vanguardia,lavanguardia.com,,,,done,42090,,
The Times,thetimes.co.uk,https://www.times-series.co.uk/news/rss/,,yes,done,42689,,
Le Soir,lesoir.be,https://www.lesoir.be/rss/23/cible_principale,yes,,done,43526,,
Toronto Star ,thestar.com,http://www.thestar.com/content/thestar/feed.RSSManagerServlet.articlestopstories.rss,,,done,44770,,
Ottawa Citizen,ottawacitizen.com,https://ottawacitizen.com/feed,,,done,46073,,
EcoWatch,ecowatch.com,https://www.ecowatch.com/feeds/feed.rss,yes,,done,53090,,
Citywire (all locations),citywire.co.uk,,,,done,54032,,
De Telegraaf,telegraaf.nl,https://www.telegraaf.nl/rss,,,done,55612,,
ANSA ,ansa.it,https://www.ansa.it/canale_ambiente/notizie/ambiente_rss.xml,yes,,done,56072,,
Live Mint,livemint.com,https://www.livemint.com/rss/companies,,,done,56177,,
Il Fatto Quotidiano ,ilfattoquotidiano.it,https://www.ilfattoquotidiano.it/feed/,,,done,56182,,
Renewable Energy World,renewableenergyworld.com,https://www.renewableenergyworld.com/feed/,yes,,done,56729,,
The Alpinist,schedule.sxsw.com,,,,done,58069,,
Private Eye,private-eye.co.uk,,,,done,58201,,
Daily Mirror,dailymirror.lk,https://www.dailymirror.lk/rss/top_story/155,,,done,61084,,
Liberation,liberation.fr,http://rss.liberation.fr/rss/latest/,,,done,61704,,
Truthout,truthout.org,https://truthout.org/feed/?withoutcomments=1,,,done,64110,,
La Libre Belgique,lalibre.be,https://www.lalibre.be/rss/section/planete/environnement.xml,yes,,done,64233,,
E&E,eenews.net,,yes,,done,67012,,
Australian Financial Review,afr.com,,,,done,67260,,
Quartz,qz.com,https://cms.qz.com/feed/,,,done,67264,,
Hindu Business Line,thehindubusinessline.com,https://www.thehindubusinessline.com/news/feeder/default.rss,,,done,67989,,
Interfax Energy,interfax.com,,,,done,68169,,
Risk.net,risk.net,https://www.risk.net/feeds/rss/category/commodities/energy,,,done,68487,,
el Diario,eldiario.es,https://www.eldiario.es/rss/,,,done,68711,,
Evening Standard,standard.co.uk,https://www.standard.co.uk/rss,,,done,68737,,
The Texas Observer,texasobserver.org,https://www.texasobserver.org/feed/,,,done,70458,,
The Bulletin of the Atomic Scientists,thebulletin.org,,,,done,71372,,
HuffPost,huffpost.com,https://chaski.huffpost.com/us/auto/vertical/green,yes,,done,71914,,
The Verge,theverge.com,https://www.theverge.com/rss/index.xml,,,done,72344,,
WirtschaftsWoche,wiwo.de,,,,done,73205,,
The Guardian,theguardian.com,https://www.theguardian.com/international/rss,,yes,done,73766,,
The Guardian (Environment),theguardian.com,https://www.theguardian.com/us/environment/rss,yes,yes,done,73767,,
PR Week,prweek.com,https://www.prweek.com/rss/us,,,done,74643,,
The Oklahoma Observer,okobserver.org,https://okobserver.org/feed/,,,done,75679,,
Rethinking Schools,rethinkingschools.org,https://rethinkingschools.org/feed/,,,done,81135,,
OilPrice.com,oilprice.com,https://oilprice.com/rss.xml,yes,,done,82510,,
S&P Global,spglobal.com,https://investor.spglobal.com/rss/pressrelease.aspx,,,done,86580,,
Business Green,businessgreen.com,https://www.businessgreen.com/feeds/rss,yes,,done,86821,,
Teen Vogue,teenvogue.com,https://www.teenvogue.com/feed/rss,,,done,86993,,
El Confidencial,elconfidencial.com,https://rss.elconfidencial.com/mundo/,,,done,87450,,
Oil & Gas Journal,ogj.com,https://www.ogj.com/rss/home.xml,yes,,done,88204,,
Petroleum Economist,petroleum-economist.com,https://pemedianetwork.com/petroleum-economist/rss,yes,,done,89263,,
Green Car Reports,greencarreports.com,https://feeds.highgearmedia.com/?sites=GreenCarReports,yes,,done,90966,,
autonews.com,autonews.com,http://feeds.feedburner.com/autonews/BreakingNews,,,done,93911,,
Automotive News Europe,europe.autonews.com,,,,done,93911,,
City AM,cityam.com,https://www.cityam.com/feed/,,,done,93975,,
Maritime Executive,maritime-executive.com,https://maritime-executive.com/articles.rss,yes,,done,94096,,
Pensions & Investments,pionline.com,https://www.pionline.com/section/rss/news?topics=69021,,,done,94143,,
Ceres,ceres.org,https://ceres.org/rss.xml,yes,,done,96713,,
Carbon Brief,carbonbrief.org,https://www.carbonbrief.org/feed,yes,,done,97389,,
Calgary Herald,calgaryherald.com,https://calgaryherald.com/feed,,,done,97661,,
Recharge News,rechargenews.com,https://services.rechargenews.com/api/feed/rss,yes,,done,97708,,
Next City,nextcity.org,https://nextcity.org/feeds/daily,,,done,98379,,
Curbed,curbed.com,,,,done,99001,,
Vox,vox.com,https://www.vox.com/rss/index.xml,,yes,done,104828,,
Palm Springs Desert Sun,desertsun.com,http://rssfeeds.mydesert.com/palmsprings/news,,,done,108581,,
Energy Post EU,energypost.eu,https://energypost.eu/feed/,yes,,done,109860,,
La Capitale,lacapitale.be,,,,done,110167,,
Le Devoir,ledevoir.com,http://feeds2.feedburner.com/fluxdudevoir,,,done,115660,,
Climate Action,climateactionprogramme.org,,yes,,done,120100,,
Investment & Pensions Europe,ipe.com,https://www.ipe.com/3114.rss,yes,,done,121230,,
Responsible Investor,responsible-investor.com,,yes,,done,135822,,
Capital & Main,capitalandmain.com,https://capitalandmain.com/feed,,,done,137343,,
The GroundTruth Project,thegroundtruthproject.org,https://thegroundtruthproject.org/feed/,,,done,144170,,
Mining.com,mining.com,https://www.mining.com/feed/,,,done,144748,,
Mining Weekly,miningweekly.com,,,,done,145343,,
Next Avenue,nextavenue.org,,,,done,146558,,
"PublicSource (Pittsburgh, Pa.)",publicsource.org,https://www.publicsource.org/feed/,,,done,147711,,
Diario AS,as.com,,,,done,148066,,
Yale Climate Connections,yaleclimateconnections.org,https://yaleclimateconnections.org/feed/,yes,,done,156869,,
Energy & Policy Institute,energyandpolicy.org,https://www.energyandpolicy.org/feed/,yes,,done,157135,,
Edie,edie.net,https://www.edie.net/news/rss0.xml,yes,,done,162780,,
Rock and Ice,rockandice.com,https://www.rockandice.com/feed/,,,done,163130,,
DigBoston,digboston.com,https://digboston.com/feed/,,,done,164806,,
Dow Jones,dowjones.com,,,,done,164972,,
Investors Chronicle,investorschronicle.co.uk,,,,done,168383,,
Circle of Blue,circleofblue.org,https://www.circleofblue.org/feed/,yes,,done,168535,,
The Nation,thenation.com,https://www.thenation.com/feed/?post_type=article&subject=environment,yes,,done,174910,,
Utility Dive,utilitydive.com,https://www.utilitydive.com/feeds/news/,yes,,done,178063,,
Natural Gas Intelligence,naturalgasintel.com,https://www.naturalgasintel.com/feed/,yes,,done,185884,,
Wind Power Monthly,windpowermonthly.com,https://www.windpowermonthly.com/rss/news,yes,,done,187592,,
WWF,worldwildlife.org,https://feeds.feedburner.com/WWFStories,,,done,189192,,
PassBlue,passblue.com,https://www.passblue.com/feed/,,,done,200555,,
Green Builder Media,greenbuildermedia.com,,,,done,205488,,
WhoWhatWhy,whowhatwhy.org,,,,done,211526,,
Eco Business,eco-business.com,https://www.eco-business.com/feeds/all/,yes,,done,221027,,
Energy News Network,energynews.us,https://energynews.us/feed/,yes,,done,221315,,
Ecosystem Marketplace,ecosystemmarketplace.com,,yes,,done,221597,,
Blue & Green Tomorrow,blueandgreentomorrow.com,https://blueandgreentomorrow.com/feed/,yes,,done,221638,,
Offshore Wind Biz,offshorewind.biz,https://www.offshorewind.biz/feed/,yes,,done,222053,,
Argus Media,argusmedia.com,,,,done,223679,,
We Mean Business Coalition,wemeanbusinesscoalition.org,https://www.wemeanbusinesscoalition.org/feed/,yes,,done,225283,,
ENDS Report,endsreport.com,https://www.endsreport.com/rss/news-and-analysis,yes,,done,225476,,
Reveal,revealnews.org,https://revealnews.org/feed/,,,done,225568,,
Financial Advisor,ftadviser.com,,,,done,231181,,
Utility Week,utilityweek.co.uk,,,,done,235510,,
Power Energy International,powerengineeringint.com,https://www.powerengineeringint.com/feed/,yes,,done,236156,,
Climate Change Business Journal (EBI),ebionline.org,https://ebionline.org/feed/,yes,,done,240387,,
Environmental Finance,environmental-finance.com,https://www.environmental-finance.com/content/environmental-finance-rss-feed.xml,yes,,done,241641,,
EUR Electric,eurelectric.org,,yes,,done,242352,,
OilVoice,oilvoice.com,,yes,,done,245451,,
Bloomberg NEF,bnef.com,https://about.bnef.com/feed/,yes,,done,249144,,
Investment Europe,investmenteurope.net,,,,done,252471,,
Bellona,bellona.org,https://bellona.org/feed,yes,,done,252885,,
GlacierHub,news.climate.columbia.edu/features/glacierhub,https://news.climate.columbia.edu/feed/,yes,,done,254470,,
La Derniere Heure,dhnet.be,https://www.dhnet.be/rss.xml,,,done,258173,,
DPA,dpa-international.com,,,,done,258187,,
Carbon Pulse,carbon-pulse.com,https://carbon-pulse.com/feed/,yes,,done,260255,,
National Observer,nationalobserver.com,https://www.nationalobserver.com/front/rss,,,done,261604,,
The Charleston Gazette-Mail (West Virginia),wvgazettemail.com,,,,done,269122,,
The Intercept,theintercept.com,https://theintercept.com/feed/?rss,,,done,269138,,
Climate Home,climatechangenews.com,https://feeds.feedburner.com/ClimateHome,yes,,done,279586,,
Het Financieele Dagblad,fd.nl,https://fd.nl/?rss,,,done,281110,,
Suddeutsche Zeitung,sueddeutsche.de,https://rss.sueddeutsche.de/rss/Topthemen,,,done,281884,,
Boursorama,boursorama.com,,,,done,282168,,
Undark,undark.org,https://undark.org/feed/,,,done,282629,,
Honolulu Civil Beat,civilbeat.org,https://www.civilbeat.org/feed,,,done,288016,,
Electrek,electrek.co,https://electrek.co/feed/,yes,,done,295147,,
Business Wire,businesswire.com,,,,done,300214,,
The Chicago Review of Books,chireviewofbooks.com,https://chireviewofbooks.com/feed/,,,done,303031,,
Worth Media,worth.com,https://www.worth.com/feed/,,,done,317281,,
L'Echo,lecho.be,https://www.lecho.be/rss/entreprises_energie.xml,yes,,done,330440,,
Les Affairs,lesaffaires.com,,,,done,333657,,
Finance et Investissement,finance-investissement.com,https://www.finance-investissement.com/feed/,,,done,333950,,
Investment Executive,investmentexecutive.com,https://www.investmentexecutive.com/feed/,,,done,350027,,
Financial Standard,financialstandard.com.au,https://www.financialstandard.com.au/feed/latest,,,done,350631,,
Real Leaders,real-leaders.com,,,,done,352519,,
Insurance Post,postonline.co.uk,,,,done,357080,,
Bustle,bustle.com,https://www.bustle.com/rss,,,done,366942,,
The Portland Press Herald (Maine),pressherald.com,https://www.pressherald.com/feed/,,,done,366984,,
The Globe and Mail,theglobeandmail.com,,,,done,367123,,
The Root,theroot.com,https://www.theroot.com/rss,,,done,368082,,
Insurance Business Magazine UK,insurancebusinessmag.com,,,,done,368627,,
Freight Waves,americanshipper.com,https://www.freightwaves.com/feed,,,done,368664,,
Financial News,fnlondon.com,https://www.fnlondon.com/rss,,,done,376093,,
Nexus Media,nexusmedianews.com,https://nexusmedianews.com/feed/,yes,,done,386443,,
ImpactAlpha,impactalpha.com,https://impactalpha.com/feed/,,,done,388367,,
The Spectator,spectator.co.uk,,,,done,390083,,
Novethic,novethic.fr,,,,done,390096,,
Streetsblog Denver,denver.streetsblog.org,https://denver.streetsblog.org/feed/,,,done,393498,,
Streetsblog California,cal.streetsblog.org,https://cal.streetsblog.org/feed/,,,done,393515,,
SF Business Times,bizjournals.com,,,,done,394686,,
The Actuary,theactuarymagazine.org,https://theactuarymagazine.org/feed/,,,done,450613,,
Business Insider ,businessinsider.com,https://feeds.businessinsider.com/custom/all,,,done,474384,,
Global Cement,globalcement.com,,,,done,491666,,
Infrastructure Investor,infrastructureinvestor.com,https://www.infrastructureinvestor.com/feed/,,,done,496705,,
The Nome Nugget (Alaska),nomenugget.com,http://nomenugget.com/rss.xml/m,,,done,498749,,
Canadian Investment Review,investmentreview.com,https://www.benefitscanada.com/news/feed/,,,done,503592,,
Investment Magazine,investmentmagazine.com.au,https://www.investmentmagazine.com.au/feed/,,,done,507227,,
Reset,reset.org,https://en.reset.org/rss.xml,yes,,done,518977,,
Growing for Market,growingformarket.com,,,,done,527037,,
Unearthed ,unearthed.greenpeace.org,https://unearthed.greenpeace.org/feed/,yes,,done,557862,,
Financial Post,business.financialpost.com,https://financialpost.com/category/commodities/energy/feed.xml,yes,,done,564270,,
Contexte,contexte.com,,,,done,570182,,
Forward Kentucky,forwardky.com,https://forwardky.com/feed/,,,done,570516,,
Risk & Insurance,riskandinsurance.com,,,,done,588446,,
Columbia University News,news.columbia.edu,https://news.columbia.edu/news/rss.xml,,,done,594777,,
Corriere della Sera,corriere.it,,,,done,656489,,
Steamboat Magazine,steamboatmagazine.com,,,,done,659691,,
People’s Tribune,thepeoplestribune.com,http://thepeoplestribune.com/feed/,,,done,661695,,
Altreconomia,altreconomia.it,https://altreconomia.it/feed/,,,done,664590,,
Montreal Gazette,montrealgazette.com,https://montrealgazette.com/feed,,,done,665817,,
Oil & Gas Climate Initiative,oilandgasclimateinitiative.com,https://www.ogci.com/feed/,yes,,done,667276,,
World Coal,worldcoal.com,,,,done,672238,,
InDepthNH.org,indepthnh.org,http://indepthnh.org/feed/,,,done,695410,,
News and Guts,newsandguts.com,https://www.newsandguts.com/feed/,,,done,699812,,
Click Clean,clickclean.org,,,,done,701970,,
Arctic Today,arctictoday.com,https://www.arctictoday.com/feed/,yes,,done,704881,,
BirdWatching,birdwatching.co.uk,,,,done,740698,,
DeSmog,desmog.co.uk,https://www.desmog.com/feed/,yes,,done,786080,,
Sludge,readsludge.com,https://readsludge.com/feed/,,,done,793818,,
Terrain.org,terrain.org,https://www.terrain.org/feed/,yes,,done,879233,,
Documented,documentedny.com,https://documentedny.com/feed/,,,done,890237,,
United Methodist Insight,um-insight.net,https://um-insight.net/api/rss/content.rss,,,done,899873,,
Oil & Gas Investor,hartenergy.com/publications/oil-gas-investor-magazine,https://www.hartenergy.com/rss.xml,yes,,done,908755,,
Green Global Travel,greenglobaltravel.com,https://greenglobaltravel.com/feed/,,,done,1007576,,
EcoRI News,ecori.org,,yes,,done,1061621,,
The News Journal (Delaware),delawareonline.com,http://rssfeeds.delawareonline.com/wilmington-home,,,done,1175340,,
The Shoestring,theshoestring.org,https://theshoestring.org/feed/,,,done,1176582,,
The Daily Sentinel (Santa Cruz),santacruzsentinel.com,https://www.santacruzsentinel.com/feed/,,,done,1218483,,
Investor Daily,investor.id,,,,done,1274558,,
Today News Africa,todaynewsafrica.com,,,,done,1287353,,
The Driven,thedriven.io,https://thedriven.io/feed/atom/,yes,,done,1290874,,
Houston Chronicle,houstonchronicle.com,https://www.chron.com/rss/feed/Energy-288.php,yes,,done,1301339,,
Platform Authentieke Journalistiek,authentiekejournalistiek.org,,,,done,1325592,,
Covering Climate Now,coveringclimatenow.org,,yes,,done,1326371,,
Grist,grist.org,https://grist.org/feed/,yes,,done,1331833,,
The Hill,thehill.com,https://thehill.com/taxonomy/term/28/feed,yes,,done,1361609,,
New Europe,neweurope.eu,https://www.neweurope.eu/feed/,,,done,1362192,,
Frankfurter Allgemeine Zeitung,faz.net,https://www.faz.net/rss/aktuell/,,,done,1372768,,
The Planetary Press,theplanetarypress.com,https://www.theplanetarypress.com/feed/,yes,,done,1380308,,
Tagesspiegel,tagesspiegel.de,https://www.tagesspiegel.de/contentexport/feed/home,,,done,1380834,,
NUVO (Indiana),nuvo.net,,,,done,1382704,,
Green Philly,thegreencities.com,https://www.thegreencities.com/feed/,yes,,done,1382886,,
Australian Associated Press,aap.com.au,https://www.aap.com.au/feed/,,,done,1388940,,
Oil Review Middle East,oilreviewmiddleeast.com,https://oilreviewmiddleeast.com/cache/rss.xml,yes,,done,1391367,,
EURACTIV,euractiv.com,https://www.euractiv.com/feed,yes,,done,1392047,,
Algemen Dagblad,ad.nl,https://www.ad.nl/home/rss.xml,,,done,1392048,,
SF Chronicle,sfchronicle.com,,,,done,1392049,,
"The Express News Group (The Southampton Press, The East Hampton Press, and The Sag Harbor Express; New York)",27east.com,https://www.27east.com/feed/,,,done,1392050,,
Atmos Magazine,atmos.earth,https://atmos.earth/feed,,,done,1392051,,
Bay Nature,baynature.org,https://baynature.org/feed/,yes,,done,1392052,,
Climate + Capital,climateandcapitalmedia.com,https://www.climateandcapitalmedia.com/feed/,yes,,done,1392053,,
The Eden Magazine,theedenmagazine.com,https://theedenmagazine.com/feed/,,,done,1392054,,
Gym Climber,gymclimber.com,https://www.gymclimber.com/feed/,,,done,1392055,,
Sentient Media,sentientmedia.org,https://sentientmedia.org/feed/,yes,,done,1392056,,
Melbourne Age,theage.com.au,https://www.theage.com.au/rss/environment.xml,yes,,done,1392058,,
Canadian Press,nationalpost.com,https://nationalpost.com/feed,,,done,1392059,,
Portfolio Institutional,portfolio-institutional.co.uk,https://www.portfolio-institutional.co.uk/feed/,,,done,1392060,,
Insurance ERM,insuranceerm.com,https://www.insuranceerm.com/rss-feeds/rss-feed.xml,,,done,1392061,,
Insurance Asset Management,insuranceassetmanagement.net,,,,done,1392062,,
Börsen-Zeitung,m.boersen-zeitung.de,https://www.boersen-zeitung.de/rss,,,done,1392066,,
Inside Oil and Gas,insideindustry.com,https://insideindustry.com/index.php?format=feed&type=rss,yes,,done,1392067,,
Economic Times,economictimes.indiatimes.com,https://economictimes.indiatimes.com/prime/environment/rssfeeds/63319186.cms,yes,,done,1392075,,
Agri-Pulse,agri-pulse.com,https://www.agri-pulse.com/rss/topic/21692-environment,yes,,done,1392076,,
Vancouver Sun,vancouversun.com,https://vancouversun.com/feed,,,done,1392077,,
Australia Institute,tai.org.au,https://australiainstitute.org.au/feed,yes,,done,1392080,,
The Ecologist,theecologist.org,https://theecologist.org/whats_new/feed,yes,,done,1392081,,
Environmental Defense Fund (Business),business.edf.org,https://business.edf.org/feed/,yes,,done,1392082,,
Alternet,alternet.org,https://www.alternet.org/feeds/feed.rss,,,done,1392084,,
NASDAQ,nasdaq.com,https://www.nasdaq.com/feed/rssoutbound?category=FinTech,,,done,1392085,,
World Maritime News,worldmaritimenews.com,https://www.offshore-energy.biz/feed/,yes,,done,1392086,,
Popular Science,popsci.com,https://www.popsci.com/feed/,,,done,1392087,,
Steel Times International,steeltimesint.com,,,,done,1392089,,
Chemie Technik,chemietechnik.de,,,,done,1392090,,
Daily Press,dailypress.com,https://www.dailypress.com/arcio/rss/category/news/?sort=display_date:desc,,,done,1392091,,
Times of India,timesofindia.indiatimes.com,https://timesofindia.indiatimes.com/rssfeeds/2647163.cms,yes,,done,1392093,,
Cleveland.com,cleveland.com,,,,done,1392094,,
Korea Herald,koreaherald.com,http://www.koreaherald.com/rss_xml.php,,,done,1392095,,
Triple Pundit,triplepundit.com,https://www.triplepundit.com/rss,,,done,1392096,,
New Jersey Spotlight,njspotlight.com,https://www.njspotlight.com/energy-environment/feed/,yes,,done,1392097,,
BusinessKorea,businesskorea.co.kr,,,,done,1392098,,
IETA,ieta.org,,yes,,done,1392099,,
All About Shipping,allaboutshipping.co.uk,https://allaboutshipping.co.uk/feed/,,,done,1392100,,
Tatham Macinnes,tatham-macinnes.com,,,,done,1392101,,
This is Money UK,thisismoney.co.uk,https://www.dailymail.co.uk/money/index.rss,,,done,1392102,,
Creamer Media's Engineering News,engineeringnews.co.za,https://www.engineeringnews.co.za/page/environmental/feed,yes,,done,1392103,,
Ipolitics Canada,ipolitics.ca,https://ipolitics.ca/feed/,,,done,1392105,,
Renewable Energy News Biz,renews.biz,http://feeds.feedburner.com/Renews-RenewableEnergyNews,yes,,done,1392106,,paywall
Offshore Energy Today,offshoreenergytoday.com,https://www.offshore-energy.biz/feed/,yes,,done,1392107,,
VoicenData,voicendata.com,https://www.voicendata.com/article-2/,,,done,1392108,,
The Fiscal Times,thefiscaltimes.com,https://www.thefiscaltimes.com/rss.xml,,,done,1392109,,
Mineral and Waste Planning,mineralandwasteplanning.co.uk,https://www.mineralandwasteplanning.co.uk/rss/mineral-planning-home,yes,,done,1392110,,
Mineral and Waste Planning,mineralandwasteplanning.co.uk,https://www.mineralandwasteplanning.co.uk/rss/waste-planning-home,yes,,done,1392110.5,,
Green Air News,greenairnews.com,https://www.greenairnews.com/?feed=rss2,yes,,done,1392112,,
Daily Caller,dailycaller.com,https://dailycaller.com/feed/,,,done,1392113,,
Sierra Club,sierraclub.org,https://www.sierraclub.org/rss.xml,yes,,done,1392114,,
Midland Daily News,ourmidland.com,https://www.ourmidland.com/news/feed/News-1356.php,,,done,1392115,,
Energy Post Weekly,energypostweekly.eu,,yes,,done,1392116,,
Global Energy Sustainable Partnership,globalelectricity.org,,yes,,done,1392117,,
Hydrocarbons Technology,hydrocarbons-technology.com,https://www.hydrocarbons-technology.com/feed/,yes,,done,1392120,,
Interplas Insights,interplasinsights.com,https://interplasinsights.com/api/rss/content.rss,yes,,done,1392121,,
TradeWinds,tradewindsnews.com,,,,done,1392122,,
Tri-Cities Watch,wcyb.com,,,,done,1392123,,
International Business Times UK,ibtimes.co.uk,https://www.ibtimes.co.uk/rss/feed,,,done,1392124,,
Center for Science & Technology,sciencepolicy.colorado.edu,,,,done,1392125,,
The Avenue Mail,avenuemail.in,https://avenuemail.in/feed/,,,done,1392126,,
Splash 247,splash247.com,https://splash247.com/feed/,yes,,done,1392127,,
News in English Norway,newsinenglish.no,http://feeds.feedburner.com/newsinenglish/AzQS,,,done,1392132,,
San Gabriel Valley Tribune,sgvtribune.com,https://www.sgvtribune.com/news/environment/feed/,yes,,done,1392133,,
Qual Energia,qualenergia.it,https://www.qualenergia.it/feed/,yes,,done,1392134,,
Energy in Buildings & Industry,eibi.co.uk,,yes,,done,1392135,,
Cenovus Energy,cenovus.com,,yes,,done,1392136,,
Oil & Gas Product News,oilandgasproductnews.com,https://www.oilandgasproductnews.com/rss/all.xml,yes,,done,1392137,,
FIIA Finland,fiia.fi,https://www.fiia.fi/feed,,,done,1392138,,
Polskie Radio,thenews.pl,,,,done,1392139,,
Environment North Carolina,environmentnorthcarolina.org,https://environmentnorthcarolina.org/rss.xml,yes,,done,1392140,,
Gulf Times,gulf-times.com,https://gulf-times.com/Rss/Index,,,done,1392142,,
Just Auto,just-auto.com,https://www.just-auto.com/feed/,,,done,1392144,,
European Commission,ec.europa.eu,https://europa.eu/newsroom/press-releases.xml_en?field_press_release_by_topic_tid=40,yes,,done,1392145,,
IndustryWeek,industryweek.com,https://www.industryweek.com/__rss/website-scheduled-content.xml?input=%7B%22sectionAlias%22%3A%22home%22%7D,,,done,1392147,,
WardsAuto,wardsauto.com,https://www.wardsauto.com/rss.xml,,,done,1392148,,
Inside EPA,insideepaclimate.com,https://insideepa.com/tsca-takes/exxon-lobbyist-says-firm-makes-pfas-despite-leaders-denials,yes,,done,1392149,,paywall
Independent Commodity Intelligence Services,icis.com,,,,done,1392151,,
Inside EV's,insideevs.com,https://insideevs.com/rss/news/all/,,,done,1392153,,
Arizona Republic,azcentral.com,http://rssfeeds.azcentral.com/phoenix/local,,,done,1392154,,
Fuel Fix,fuelfix.com,,yes,,done,1392155,,
Fleet News UK,fleetnews.co.uk,https://www.fleetnews.co.uk/rss.xml,,,done,1392156,,
Environmental Protection Agency,epa.gov,https://www.epa.gov/newsreleases/search/rss,yes,,done,1392158,,
Syracuse.com,syracuse.com,,,,done,1392159,,
Business Live South Africa,bdlive.co.za,,,,done,1392160,,
Sustainable Brands,sustainablebrands.com,https://sustainablebrands.com/rss,yes,,done,1392161,,
Advance Local,al.com,,,,done,1392164,,
Center for Climate and Energy Solutions,c2es.org,https://www.c2es.org/feed/,yes,,done,1392165,,
Wyoming Business Report,wyomingbusinessreport.com,https://www.wyomingnews.com/search/?f=rss&t=article&c=wyomingbusinessreport&l=50&s=start_time&sd=desc,,,done,1392166,,
International Business Times,ibtimes.com,https://www.ibtimes.com/rss,,,done,1392167,,
MacLean's,macleans.ca,https://www.macleans.ca/feed/,,,done,1392170,,
Obras,obrasweb.mx,,,,done,1392171,,
Construction Climate Challenge,constructionclimatechallenge.com,,yes,,done,1392172,,
Ars Technica UK,arstechnica.co.uk,https://feeds.arstechnica.com/arstechnica/science,,,done,1392174,,
Auto Blog,autoblog.com,https://www.autoblog.com/category/green-auto-news/rss.xml,,,done,1392175,,
ValueWalk,valuewalk.com,https://www.valuewalk.com/feed/,,,done,1392177,,
Daily Commercial News,dailycommercialnews.com,https://canada.constructconnect.com/feed,,,done,1392178,,
Australia Parliament,aph.gov.au,https://www.aph.gov.au/house/rss/media_releases,,,done,1392179,,
Union of Concerned Scientists,blog.ucsusa.org,https://blog.ucsusa.org/feed/,yes,,done,1392180,,
Greentech Media,greentechmedia.com,https://feeds.greentechmedia.com/GreentechMedia,yes,,done,1392181,,
Resources for the Future,rff.org,,yes,,done,1392182,,
World Bank,worldbank.org,,,,done,1392183,,
Climate Investigations Center,climateinvestigations.org,https://climateinvestigations.org/feed/,yes,,done,1392184,,
Global Energy Institute,energyxxi.org,,yes,,done,1392185,,
Metal Center News,metalcenternews.com,,,,done,1392187,,
Florida Politics,floridapolitics.com,https://floridapolitics.com/feed/,,,done,1392188,,
Inside Sources,insidesources.com,https://insidesources.com/feed/,,,done,1392189,,
The Motorship,motorship.com,https://www.motorship.com/rss-feeds?page=346630,,,done,1392191,,
International Cement Review,cemnet.com,https://www.cemnet.com/news/rss,,,done,1392194,,
Pew Charitable Trusts,pewtrusts.org,,,,done,1392195,,
Mining MX,miningmx.com,https://www.miningmx.com/feed/,yes,,done,1392196,,
Kentucky Courier Journal,courier-journal.com,http://rssfeeds.courier-journal.com/courierjournal/home,,,done,1392199,,
Arkansas Democrat Gazette,arkansasonline.com,https://www.arkansasonline.com/rss/headlines/,,,done,1392200,,
Environmental Law Review,elawreview.org,,yes,,done,1392201,,
Ohio Citizen Action,ohiocitizen.org,,,,done,1392202,,
POWER Magazine,powermag.com,,yes,,done,1392203,,
Courthouse News Service,courthousenews.com,,,,done,1392204,,
Der Klimaschutzplan 2050,klimaschutzplan2050.de,https://www.bmu.de/index.php?id=103&type=703,yes,,done,1392205,,
Edmonton Journal,edmontonjournal.com,,,,done,1392206,,
Harvard Belfer Center,belfercenter.org,https://www.belfercenter.org/rss/topic/902/feed,yes,,done,1392207,,
National Resource Defense Council,nrdc.org,https://www.nrdc.org/rss.xml,yes,,done,1392208,,
